base,mutation,old_mask,old_cost,old_portfolio_safe,old_failure_certificate_valid,mutated_catalogue_feasible,catalogue_infeasibility_verified,mutated_optimal_mask,mutated_optimal_cost,cost_delta,certificate_valid
class-coverage,u0-history-0-0,1,3,False,True,False,True,,,,True
class-coverage,u0-history-0-1,1,3,False,True,False,True,,,,True
class-coverage,u0-history-0-2,1,3,False,True,False,True,,,,True
class-coverage,u0-history-1-0,1,3,False,True,False,True,,,,True
class-coverage,u0-history-1-1,1,3,False,True,False,True,,,,True
class-coverage,u0-history-1-2,1,3,False,True,False,True,,,,True
class-coverage,u0-history-2-0,1,3,False,True,False,True,,,,True
class-coverage,u0-history-2-1,1,3,False,True,False,True,,,,True
class-coverage,u0-history-2-2,1,3,False,True,False,True,,,,True
class-coverage,u0-history-3-0,1,3,False,True,False,True,,,,True
class-coverage,u0-history-3-1,1,3,False,True,False,True,,,,True
class-coverage,u0-history-3-2,1,3,False,True,False,True,,,,True
class-coverage,u0-history-4-0,1,3,False,True,False,True,,,,True
class-coverage,u0-history-4-1,1,3,False,True,False,True,,,,True
class-coverage,u0-history-4-2,1,3,False,True,False,True,,,,True
class-coverage,u0-history-5-0,1,3,False,True,False,True,,,,True
class-coverage,u0-history-5-1,1,3,False,True,False,True,,,,True
class-coverage,u0-history-5-2,1,3,False,True,False,True,,,,True
class-coverage,u0-history-6-0,1,3,False,True,False,True,,,,True
class-coverage,u0-history-6-1,1,3,False,True,False,True,,,,True
class-coverage,u0-history-6-2,1,3,False,True,False,True,,,,True
class-coverage,u0-history-7-0,1,3,False,True,False,True,,,,True
class-coverage,u0-history-7-1,1,3,False,True,False,True,,,,True
class-coverage,u0-history-7-2,1,3,False,True,False,True,,,,True
class-coverage,u0-future-0-0,1,3,True,True,True,True,1,3,0,True
class-coverage,u0-future-0-1,1,3,True,True,True,True,1,3,0,True
class-coverage,u0-future-0-2,1,3,True,True,True,True,1,3,0,True
class-coverage,u0-future-1-0,1,3,True,True,True,True,1,3,0,True
class-coverage,u0-future-1-1,1,3,True,True,True,True,1,3,0,True
class-coverage,u0-future-1-2,1,3,True,True,True,True,1,3,0,True
class-coverage,u0-future-2-0,1,3,True,True,True,True,1,3,0,True
class-coverage,u0-future-2-1,1,3,True,True,True,True,1,3,0,True
class-coverage,u0-future-2-2,1,3,True,True,True,True,1,3,0,True
class-coverage,u0-future-3-0,1,3,True,True,True,True,1,3,0,True
class-coverage,u0-future-3-1,1,3,True,True,True,True,1,3,0,True
class-coverage,u0-future-3-2,1,3,True,True,True,True,1,3,0,True
class-coverage,u0-future-4-0,1,3,True,True,True,True,1,3,0,True
class-coverage,u0-future-4-1,1,3,True,True,True,True,1,3,0,True
class-coverage,u0-future-4-2,1,3,True,True,True,True,1,3,0,True
class-coverage,u0-future-5-0,1,3,True,True,True,True,1,3,0,True
class-coverage,u0-future-5-1,1,3,True,True,True,True,1,3,0,True
class-coverage,u0-future-5-2,1,3,True,True,True,True,1,3,0,True
class-coverage,u0-future-6-0,1,3,True,True,True,True,1,3,0,True
class-coverage,u0-future-6-1,1,3,True,True,True,True,1,3,0,True
class-coverage,u0-future-6-2,1,3,True,True,True,True,1,3,0,True
class-coverage,u0-future-7-0,1,3,True,True,True,True,1,3,0,True
class-coverage,u0-future-7-1,1,3,True,True,True,True,1,3,0,True
class-coverage,u0-future-7-2,1,3,True,True,True,True,1,3,0,True
class-coverage,u0-output-0,1,3,True,True,True,True,1,3,0,True
class-coverage,u0-output-1,1,3,True,True,True,True,1,3,0,True
class-coverage,u0-output-2,1,3,True,True,True,True,1,3,0,True
class-coverage,u0-output-3,1,3,True,True,True,True,1,3,0,True
class-coverage,u0-output-4,1,3,True,True,True,True,1,3,0,True
class-coverage,u0-output-5,1,3,True,True,True,True,1,3,0,True
class-coverage,u0-output-6,1,3,True,True,True,True,1,3,0,True
class-coverage,u0-output-7,1,3,True,True,True,True,1,3,0,True
class-coverage,u1-history-0-0,1,3,True,True,True,True,1,3,0,True
class-coverage,u1-history-0-1,1,3,True,True,True,True,1,3,0,True
class-coverage,u1-history-0-2,1,3,True,True,True,True,1,3,0,True
class-coverage,u1-history-1-0,1,3,True,True,True,True,1,3,0,True
class-coverage,u1-history-1-1,1,3,False,True,False,True,,,,True
class-coverage,u1-history-1-2,1,3,True,True,True,True,1,3,0,True
class-coverage,u1-history-2-0,1,3,False,True,False,True,,,,True
class-coverage,u1-history-2-1,1,3,True,True,True,True,1,3,0,True
class-coverage,u1-history-2-2,1,3,True,True,True,True,1,3,0,True
class-coverage,u1-history-3-0,1,3,False,True,False,True,,,,True
class-coverage,u1-history-3-1,1,3,False,True,False,True,,,,True
class-coverage,u1-history-3-2,1,3,False,True,False,True,,,,True
class-coverage,u1-history-4-0,1,3,True,True,True,True,1,3,0,True
class-coverage,u1-history-4-1,1,3,True,True,True,True,1,3,0,True
class-coverage,u1-history-4-2,1,3,True,True,True,True,1,3,0,True
class-coverage,u1-history-5-0,1,3,True,True,True,True,1,3,0,True
class-coverage,u1-history-5-1,1,3,False,True,False,True,,,,True
class-coverage,u1-history-5-2,1,3,True,True,True,True,1,3,0,True
class-coverage,u1-history-6-0,1,3,False,True,False,True,,,,True
class-coverage,u1-history-6-1,1,3,True,True,True,True,1,3,0,True
class-coverage,u1-history-6-2,1,3,True,True,True,True,1,3,0,True
class-coverage,u1-history-7-0,1,3,False,True,False,True,,,,True
class-coverage,u1-history-7-1,1,3,False,True,False,True,,,,True
class-coverage,u1-history-7-2,1,3,False,True,False,True,,,,True
class-coverage,u1-future-0-0,1,3,True,True,True,True,1,3,0,True
class-coverage,u1-future-0-1,1,3,True,True,True,True,1,3,0,True
class-coverage,u1-future-0-2,1,3,True,True,True,True,1,3,0,True
class-coverage,u1-future-1-0,1,3,True,True,True,True,1,3,0,True
class-coverage,u1-future-1-1,1,3,True,True,True,True,1,3,0,True
class-coverage,u1-future-1-2,1,3,True,True,True,True,1,3,0,True
class-coverage,u1-future-2-0,1,3,True,True,True,True,1,3,0,True
class-coverage,u1-future-2-1,1,3,True,True,True,True,1,3,0,True
class-coverage,u1-future-2-2,1,3,True,True,True,True,1,3,0,True
class-coverage,u1-future-3-0,1,3,True,True,True,True,1,3,0,True
class-coverage,u1-future-3-1,1,3,True,True,True,True,1,3,0,True
class-coverage,u1-future-3-2,1,3,True,True,True,True,1,3,0,True
class-coverage,u1-future-4-0,1,3,True,True,True,True,1,3,0,True
class-coverage,u1-future-4-1,1,3,True,True,True,True,1,3,0,True
class-coverage,u1-future-4-2,1,3,True,True,True,True,1,3,0,True
class-coverage,u1-future-5-0,1,3,True,True,True,True,1,3,0,True
class-coverage,u1-future-5-1,1,3,True,True,True,True,1,3,0,True
class-coverage,u1-future-5-2,1,3,True,True,True,True,1,3,0,True
class-coverage,u1-future-6-0,1,3,True,True,True,True,1,3,0,True
class-coverage,u1-future-6-1,1,3,True,True,True,True,1,3,0,True
class-coverage,u1-future-6-2,1,3,True,True,True,True,1,3,0,True
class-coverage,u1-future-7-0,1,3,True,True,True,True,1,3,0,True
class-coverage,u1-future-7-1,1,3,True,True,True,True,1,3,0,True
class-coverage,u1-future-7-2,1,3,True,True,True,True,1,3,0,True
class-coverage,u1-output-0,1,3,True,True,True,True,1,3,0,True
class-coverage,u1-output-1,1,3,True,True,True,True,1,3,0,True
class-coverage,u1-output-2,1,3,True,True,True,True,1,3,0,True
class-coverage,u1-output-3,1,3,True,True,True,True,1,3,0,True
class-coverage,u1-output-4,1,3,True,True,True,True,1,3,0,True
class-coverage,u1-output-5,1,3,True,True,True,True,1,3,0,True
class-coverage,u1-output-6,1,3,True,True,True,True,1,3,0,True
class-coverage,u1-output-7,1,3,True,True,True,True,1,3,0,True
field-deletion,u0-history-0-0,1,2,False,True,False,True,,,,True
field-deletion,u0-history-0-1,1,2,False,True,True,True,9,3,1,True
field-deletion,u0-history-0-2,1,2,False,True,True,True,5,4,2,True
field-deletion,u0-history-0-3,1,2,False,True,True,True,6,4,2,True
field-deletion,u0-history-1-0,1,2,False,True,False,True,,,,True
field-deletion,u0-history-1-1,1,2,False,True,False,True,,,,True
field-deletion,u0-history-1-2,1,2,False,True,False,True,,,,True
field-deletion,u0-history-1-3,1,2,False,True,False,True,,,,True
field-deletion,u0-history-2-0,1,2,False,True,False,True,,,,True
field-deletion,u0-history-2-1,1,2,False,True,False,True,,,,True
field-deletion,u0-history-2-2,1,2,False,True,False,True,,,,True
field-deletion,u0-history-2-3,1,2,False,True,False,True,,,,True
field-deletion,u0-future-0-0,1,2,True,True,True,True,1,2,0,True
field-deletion,u0-future-0-1,1,2,True,True,True,True,1,2,0,True
field-deletion,u0-future-1-0,1,2,True,True,True,True,1,2,0,True
field-deletion,u0-future-1-1,1,2,True,True,True,True,1,2,0,True
field-deletion,u0-future-2-0,1,2,True,True,True,True,1,2,0,True
field-deletion,u0-future-2-1,1,2,True,True,True,True,1,2,0,True
field-deletion,u0-output-0,1,2,True,True,True,True,1,2,0,True
field-deletion,u0-output-1,1,2,True,True,True,True,1,2,0,True
field-deletion,u0-output-2,1,2,True,True,True,True,0,0,-2,True
joint-marginals,u0-history-0-0,8,2,False,True,False,True,,,,True
joint-marginals,u0-history-0-1,8,2,False,True,False,True,,,,True
joint-marginals,u0-history-0-2,8,2,False,True,False,True,,,,True
joint-marginals,u0-history-0-3,8,2,False,True,False,True,,,,True
joint-marginals,u0-history-1-0,8,2,False,True,False,True,,,,True
joint-marginals,u0-history-1-1,8,2,False,True,False,True,,,,True
joint-marginals,u0-history-1-2,8,2,False,True,False,True,,,,True
joint-marginals,u0-history-1-3,8,2,False,True,False,True,,,,True
joint-marginals,u0-history-2-0,8,2,False,True,False,True,,,,True
joint-marginals,u0-history-2-1,8,2,False,True,False,True,,,,True
joint-marginals,u0-history-2-2,8,2,False,True,False,True,,,,True
joint-marginals,u0-history-2-3,8,2,False,True,False,True,,,,True
joint-marginals,u0-future-0-0,8,2,True,True,True,True,8,2,0,True
joint-marginals,u0-future-0-1,8,2,True,True,True,True,8,2,0,True
joint-marginals,u0-future-0-2,8,2,True,True,True,True,8,2,0,True
joint-marginals,u0-future-0-3,8,2,True,True,True,True,8,2,0,True
joint-marginals,u0-future-1-0,8,2,True,True,True,True,8,2,0,True
joint-marginals,u0-future-1-1,8,2,True,True,True,True,8,2,0,True
joint-marginals,u0-future-1-2,8,2,True,True,True,True,8,2,0,True
joint-marginals,u0-future-1-3,8,2,True,True,True,True,8,2,0,True
joint-marginals,u0-future-2-0,8,2,True,True,True,True,8,2,0,True
joint-marginals,u0-future-2-1,8,2,True,True,True,True,8,2,0,True
joint-marginals,u0-future-2-2,8,2,True,True,True,True,8,2,0,True
joint-marginals,u0-future-2-3,8,2,True,True,True,True,8,2,0,True
joint-marginals,u0-output-0,8,2,True,True,True,True,8,2,0,True
joint-marginals,u0-output-1,8,2,True,True,True,True,8,2,0,True
joint-marginals,u0-output-2,8,2,True,True,True,True,0,0,-2,True
label-disagreement,u0-history-0-0,5,5,False,True,False,True,,,,True
label-disagreement,u0-history-0-1,5,5,False,True,False,True,,,,True
label-disagreement,u0-history-0-2,5,5,False,True,False,True,,,,True
label-disagreement,u0-history-0-3,5,5,False,True,False,True,,,,True
label-disagreement,u0-history-1-0,5,5,False,True,False,True,,,,True
label-disagreement,u0-history-1-1,5,5,False,True,False,True,,,,True
label-disagreement,u0-history-1-2,5,5,False,True,False,True,,,,True
label-disagreement,u0-history-1-3,5,5,False,True,False,True,,,,True
label-disagreement,u0-history-2-0,5,5,False,True,False,True,,,,True
label-disagreement,u0-history-2-1,5,5,False,True,False,True,,,,True
label-disagreement,u0-history-2-2,5,5,False,True,False,True,,,,True
label-disagreement,u0-history-2-3,5,5,False,True,False,True,,,,True
label-disagreement,u0-future-0-0,5,5,True,True,True,True,5,5,0,True
label-disagreement,u0-future-0-1,5,5,True,True,True,True,5,5,0,True
label-disagreement,u0-future-0-2,5,5,True,True,True,True,5,5,0,True
label-disagreement,u0-future-0-3,5,5,True,True,True,True,5,5,0,True
label-disagreement,u0-future-1-0,5,5,True,True,True,True,5,5,0,True
label-disagreement,u0-future-1-1,5,5,True,True,True,True,5,5,0,True
label-disagreement,u0-future-1-2,5,5,True,True,True,True,5,5,0,True
label-disagreement,u0-future-1-3,5,5,True,True,True,True,5,5,0,True
label-disagreement,u0-future-2-0,5,5,True,True,True,True,5,5,0,True
label-disagreement,u0-future-2-1,5,5,True,True,True,True,5,5,0,True
label-disagreement,u0-future-2-2,5,5,True,True,True,True,5,5,0,True
label-disagreement,u0-future-2-3,5,5,True,True,True,True,5,5,0,True
label-disagreement,u0-output-0,5,5,True,True,True,True,5,5,0,True
label-disagreement,u0-output-1,5,5,True,True,True,True,6,4,-1,True
label-disagreement,u0-output-2,5,5,True,True,True,True,4,3,-2,True
label-disagreement,u1-history-0-0,5,5,True,True,True,True,5,5,0,True
label-disagreement,u1-history-0-1,5,5,True,True,True,True,5,5,0,True
label-disagreement,u1-history-0-2,5,5,False,True,False,True,,,,True
label-disagreement,u1-history-0-3,5,5,False,True,False,True,,,,True
label-disagreement,u1-history-1-0,5,5,True,True,True,True,5,5,0,True
label-disagreement,u1-history-1-1,5,5,True,True,True,True,5,5,0,True
label-disagreement,u1-history-1-2,5,5,False,True,False,True,,,,True
label-disagreement,u1-history-1-3,5,5,False,True,False,True,,,,True
label-disagreement,u1-history-2-0,5,5,True,True,True,True,5,5,0,True
label-disagreement,u1-history-2-1,5,5,True,True,True,True,5,5,0,True
label-disagreement,u1-history-2-2,5,5,False,True,False,True,,,,True
label-disagreement,u1-history-2-3,5,5,False,True,False,True,,,,True
label-disagreement,u1-history-3-0,5,5,True,True,True,True,5,5,0,True
label-disagreement,u1-history-3-1,5,5,True,True,True,True,5,5,0,True
label-disagreement,u1-history-3-2,5,5,False,True,False,True,,,,True
label-disagreement,u1-history-3-3,5,5,False,True,False,True,,,,True
label-disagreement,u1-history-4-0,5,5,True,True,True,True,5,5,0,True
label-disagreement,u1-history-4-1,5,5,True,True,True,True,5,5,0,True
label-disagreement,u1-history-4-2,5,5,False,True,False,True,,,,True
label-disagreement,u1-history-4-3,5,5,False,True,False,True,,,,True
label-disagreement,u1-future-0-0,5,5,True,True,True,True,5,5,0,True
label-disagreement,u1-future-0-1,5,5,True,True,True,True,5,5,0,True
label-disagreement,u1-future-0-2,5,5,True,True,True,True,5,5,0,True
label-disagreement,u1-future-0-3,5,5,True,True,True,True,5,5,0,True
label-disagreement,u1-future-1-0,5,5,True,True,True,True,5,5,0,True
label-disagreement,u1-future-1-1,5,5,True,True,True,True,5,5,0,True
label-disagreement,u1-future-1-2,5,5,True,True,True,True,5,5,0,True
label-disagreement,u1-future-1-3,5,5,True,True,True,True,5,5,0,True
label-disagreement,u1-future-2-0,5,5,True,True,True,True,5,5,0,True
label-disagreement,u1-future-2-1,5,5,True,True,True,True,5,5,0,True
label-disagreement,u1-future-2-2,5,5,True,True,True,True,5,5,0,True
label-disagreement,u1-future-2-3,5,5,True,True,True,True,5,5,0,True
label-disagreement,u1-future-3-0,5,5,True,True,True,True,5,5,0,True
label-disagreement,u1-future-3-1,5,5,True,True,True,True,5,5,0,True
label-disagreement,u1-future-3-2,5,5,True,True,True,True,5,5,0,True
label-disagreement,u1-future-3-3,5,5,True,True,True,True,5,5,0,True
label-disagreement,u1-future-4-0,5,5,True,True,True,True,5,5,0,True
label-disagreement,u1-future-4-1,5,5,True,True,True,True,5,5,0,True
label-disagreement,u1-future-4-2,5,5,True,True,True,True,5,5,0,True
label-disagreement,u1-future-4-3,5,5,True,True,True,True,5,5,0,True
label-disagreement,u1-output-0,5,5,True,True,True,True,5,5,0,True
label-disagreement,u1-output-1,5,5,True,True,True,True,5,5,0,True
label-disagreement,u1-output-2,5,5,True,True,True,True,5,5,0,True
label-disagreement,u1-output-3,5,5,True,True,True,True,5,5,0,True
label-disagreement,u1-output-4,5,5,True,True,True,True,1,2,-3,True
label-field-rename,u0-history-0-0,3,4,False,True,False,True,,,,True
label-field-rename,u0-history-0-1,3,4,True,True,True,True,3,4,0,True
label-field-rename,u0-history-1-0,3,4,True,True,True,True,3,4,0,True
label-field-rename,u0-history-1-1,3,4,False,True,False,True,,,,True
label-field-rename,u0-history-2-0,3,4,False,True,False,True,,,,True
label-field-rename,u0-history-2-1,3,4,False,True,False,True,,,,True
label-field-rename,u0-future-0-0,3,4,True,True,True,True,3,4,0,True
label-field-rename,u0-future-0-1,3,4,True,True,True,True,3,4,0,True
label-field-rename,u0-future-1-0,3,4,True,True,True,True,3,4,0,True
label-field-rename,u0-future-1-1,3,4,True,True,True,True,3,4,0,True
label-field-rename,u0-future-2-0,3,4,True,True,True,True,3,4,0,True
label-field-rename,u0-future-2-1,3,4,True,True,True,True,3,4,0,True
label-field-rename,u0-output-0,3,4,True,True,True,True,3,4,0,True
label-field-rename,u0-output-1,3,4,True,True,True,True,3,4,0,True
label-field-rename,u0-output-2,3,4,True,True,True,True,2,2,-2,True
label-field-rename,u1-history-0-0,3,4,False,True,True,True,6,6,2,True
label-field-rename,u1-history-0-1,3,4,False,True,True,True,6,6,2,True
label-field-rename,u1-history-1-0,3,4,False,True,False,True,,,,True
label-field-rename,u1-history-1-1,3,4,False,True,False,True,,,,True
label-field-rename,u1-history-2-0,3,4,True,True,True,True,1,2,-2,True
label-field-rename,u1-history-2-1,3,4,False,True,False,True,,,,True
label-field-rename,u1-future-0-0,3,4,True,True,True,True,3,4,0,True
label-field-rename,u1-future-0-1,3,4,True,True,True,True,3,4,0,True
label-field-rename,u1-future-1-0,3,4,True,True,True,True,3,4,0,True
label-field-rename,u1-future-1-1,3,4,True,True,True,True,3,4,0,True
label-field-rename,u1-future-2-0,3,4,True,True,True,True,3,4,0,True
label-field-rename,u1-future-2-1,3,4,True,True,True,True,3,4,0,True
label-field-rename,u1-output-0,3,4,True,True,True,True,3,4,0,True
label-field-rename,u1-output-1,3,4,True,True,True,True,4,4,0,True
label-field-rename,u1-output-2,3,4,True,True,True,True,1,2,-2,True
missingness-streak,u0-history-0-0,3,3,False,True,True,True,8,3,0,True
missingness-streak,u0-history-0-1,3,3,True,True,True,True,2,2,-1,True
missingness-streak,u0-history-1-0,3,3,True,True,True,True,2,2,-1,True
missingness-streak,u0-history-1-1,3,3,False,True,False,True,,,,True
missingness-streak,u0-future-0-0,3,3,True,True,True,True,3,3,0,True
missingness-streak,u0-future-0-1,3,3,True,True,True,True,3,3,0,True
missingness-streak,u0-future-1-0,3,3,True,True,True,True,3,3,0,True
missingness-streak,u0-future-1-1,3,3,True,True,True,True,3,3,0,True
missingness-streak,u0-output-0,3,3,True,True,True,True,2,2,-1,True
missingness-streak,u0-output-1,3,3,True,True,True,True,2,2,-1,True
missingness-streak,u1-history-0-0,3,3,False,True,False,True,,,,True
missingness-streak,u1-history-0-1,3,3,True,True,True,True,3,3,0,True
missingness-streak,u1-history-1-0,3,3,False,True,False,True,,,,True
missingness-streak,u1-history-1-1,3,3,False,True,False,True,,,,True
missingness-streak,u1-history-2-0,3,3,False,True,False,True,,,,True
missingness-streak,u1-history-2-1,3,3,False,True,False,True,,,,True
missingness-streak,u1-future-0-0,3,3,True,True,True,True,3,3,0,True
missingness-streak,u1-future-0-1,3,3,True,True,True,True,3,3,0,True
missingness-streak,u1-future-1-0,3,3,True,True,True,True,3,3,0,True
missingness-streak,u1-future-1-1,3,3,True,True,True,True,3,3,0,True
missingness-streak,u1-future-2-0,3,3,True,True,True,True,3,3,0,True
missingness-streak,u1-future-2-1,3,3,True,True,True,True,3,3,0,True
missingness-streak,u1-output-0,3,3,True,True,True,True,3,3,0,True
missingness-streak,u1-output-1,3,3,True,True,True,True,3,3,0,True
missingness-streak,u1-output-2,3,3,True,True,True,True,1,1,-2,True
rolling-pattern,u0-history-0-0,1,4,False,True,False,True,,,,True
rolling-pattern,u0-history-0-1,1,4,False,True,False,True,,,,True
rolling-pattern,u0-history-1-0,1,4,False,True,False,True,,,,True
rolling-pattern,u0-history-1-1,1,4,False,True,False,True,,,,True
rolling-pattern,u0-history-2-0,1,4,False,True,False,True,,,,True
rolling-pattern,u0-history-2-1,1,4,False,True,False,True,,,,True
rolling-pattern,u0-history-3-0,1,4,False,True,False,True,,,,True
rolling-pattern,u0-history-3-1,1,4,False,True,False,True,,,,True
rolling-pattern,u0-history-4-0,1,4,False,True,False,True,,,,True
rolling-pattern,u0-history-4-1,1,4,False,True,False,True,,,,True
rolling-pattern,u0-history-5-0,1,4,False,True,False,True,,,,True
rolling-pattern,u0-history-5-1,1,4,False,True,False,True,,,,True
rolling-pattern,u0-history-6-0,1,4,False,True,False,True,,,,True
rolling-pattern,u0-history-6-1,1,4,False,True,False,True,,,,True
rolling-pattern,u0-history-7-0,1,4,False,True,False,True,,,,True
rolling-pattern,u0-history-7-1,1,4,False,True,False,True,,,,True
rolling-pattern,u0-history-8-0,1,4,False,True,False,True,,,,True
rolling-pattern,u0-history-8-1,1,4,False,True,False,True,,,,True
rolling-pattern,u0-history-9-0,1,4,False,True,False,True,,,,True
rolling-pattern,u0-history-9-1,1,4,False,True,False,True,,,,True
rolling-pattern,u0-history-10-0,1,4,False,True,False,True,,,,True
rolling-pattern,u0-history-10-1,1,4,False,True,False,True,,,,True
rolling-pattern,u0-history-11-0,1,4,False,True,False,True,,,,True
rolling-pattern,u0-history-11-1,1,4,False,True,False,True,,,,True
rolling-pattern,u0-history-12-0,1,4,False,True,False,True,,,,True
rolling-pattern,u0-history-12-1,1,4,False,True,False,True,,,,True
rolling-pattern,u0-history-13-0,1,4,False,True,False,True,,,,True
rolling-pattern,u0-history-13-1,1,4,False,True,False,True,,,,True
rolling-pattern,u0-history-14-0,1,4,False,True,False,True,,,,True
rolling-pattern,u0-history-14-1,1,4,False,True,False,True,,,,True
rolling-pattern,u0-future-0-0,1,4,True,True,True,True,1,4,0,True
rolling-pattern,u0-future-0-1,1,4,True,True,True,True,1,4,0,True
rolling-pattern,u0-future-1-0,1,4,True,True,True,True,1,4,0,True
rolling-pattern,u0-future-1-1,1,4,True,True,True,True,1,4,0,True
rolling-pattern,u0-future-2-0,1,4,True,True,True,True,1,4,0,True
rolling-pattern,u0-future-2-1,1,4,True,True,True,True,1,4,0,True
rolling-pattern,u0-future-3-0,1,4,True,True,True,True,1,4,0,True
rolling-pattern,u0-future-3-1,1,4,True,True,True,True,1,4,0,True
rolling-pattern,u0-future-4-0,1,4,True,True,True,True,1,4,0,True
rolling-pattern,u0-future-4-1,1,4,True,True,True,True,1,4,0,True
rolling-pattern,u0-future-5-0,1,4,True,True,True,True,1,4,0,True
rolling-pattern,u0-future-5-1,1,4,True,True,True,True,1,4,0,True
rolling-pattern,u0-future-6-0,1,4,True,True,True,True,1,4,0,True
rolling-pattern,u0-future-6-1,1,4,True,True,True,True,1,4,0,True
rolling-pattern,u0-future-7-0,1,4,True,True,True,True,1,4,0,True
rolling-pattern,u0-future-7-1,1,4,True,True,True,True,1,4,0,True
rolling-pattern,u0-future-8-0,1,4,True,True,True,True,1,4,0,True
rolling-pattern,u0-future-8-1,1,4,True,True,True,True,1,4,0,True
rolling-pattern,u0-future-9-0,1,4,True,True,True,True,1,4,0,True
rolling-pattern,u0-future-9-1,1,4,True,True,True,True,1,4,0,True
rolling-pattern,u0-future-10-0,1,4,True,True,True,True,1,4,0,True
rolling-pattern,u0-future-10-1,1,4,True,True,True,True,1,4,0,True
rolling-pattern,u0-future-11-0,1,4,True,True,True,True,1,4,0,True
rolling-pattern,u0-future-11-1,1,4,True,True,True,True,1,4,0,True
rolling-pattern,u0-future-12-0,1,4,True,True,True,True,1,4,0,True
rolling-pattern,u0-future-12-1,1,4,True,True,True,True,1,4,0,True
rolling-pattern,u0-future-13-0,1,4,True,True,True,True,1,4,0,True
rolling-pattern,u0-future-13-1,1,4,True,True,True,True,1,4,0,True
rolling-pattern,u0-future-14-0,1,4,True,True,True,True,1,4,0,True
rolling-pattern,u0-future-14-1,1,4,True,True,True,True,1,4,0,True
rolling-pattern,u0-output-0,1,4,True,True,True,True,1,4,0,True
rolling-pattern,u0-output-1,1,4,True,True,True,True,1,4,0,True
rolling-pattern,u0-output-2,1,4,True,True,True,True,1,4,0,True
rolling-pattern,u0-output-3,1,4,True,True,True,True,1,4,0,True
rolling-pattern,u0-output-4,1,4,True,True,True,True,1,4,0,True
rolling-pattern,u0-output-5,1,4,True,True,True,True,1,4,0,True
rolling-pattern,u0-output-6,1,4,True,True,True,True,1,4,0,True
rolling-pattern,u0-output-7,1,4,True,True,True,True,1,4,0,True
rolling-pattern,u0-output-8,1,4,True,True,True,True,1,4,0,True
rolling-pattern,u0-output-9,1,4,True,True,True,True,1,4,0,True
rolling-pattern,u0-output-10,1,4,True,True,True,True,1,4,0,True
rolling-pattern,u0-output-11,1,4,True,True,True,True,1,4,0,True
rolling-pattern,u0-output-12,1,4,True,True,True,True,4,2,-2,True
rolling-pattern,u0-output-13,1,4,True,True,True,True,1,4,0,True
rolling-pattern,u0-output-14,1,4,True,True,True,True,1,4,0,True
rolling-pattern,u1-history-0-0,1,4,False,True,False,True,,,,True
rolling-pattern,u1-history-0-1,1,4,True,True,True,True,1,4,0,True
rolling-pattern,u1-history-1-0,1,4,False,True,False,True,,,,True
rolling-pattern,u1-history-1-1,1,4,False,True,False,True,,,,True
rolling-pattern,u1-history-2-0,1,4,False,True,False,True,,,,True
rolling-pattern,u1-history-2-1,1,4,False,True,False,True,,,,True
rolling-pattern,u1-future-0-0,1,4,True,True,True,True,1,4,0,True
rolling-pattern,u1-future-0-1,1,4,True,True,True,True,1,4,0,True
rolling-pattern,u1-future-1-0,1,4,True,True,True,True,1,4,0,True
rolling-pattern,u1-future-1-1,1,4,True,True,True,True,1,4,0,True
rolling-pattern,u1-future-2-0,1,4,True,True,True,True,1,4,0,True
rolling-pattern,u1-future-2-1,1,4,True,True,True,True,1,4,0,True
rolling-pattern,u1-output-0,1,4,True,True,True,True,1,4,0,True
rolling-pattern,u1-output-1,1,4,True,True,True,True,1,4,0,True
rolling-pattern,u1-output-2,1,4,True,True,True,True,1,4,0,True
schema-rename-status,u0-history-0-0,3,4,False,True,False,True,,,,True
schema-rename-status,u0-history-0-1,3,4,True,True,True,True,10,3,-1,True
schema-rename-status,u0-history-1-0,3,4,True,True,True,True,3,4,0,True
schema-rename-status,u0-history-1-1,3,4,False,True,False,True,,,,True
schema-rename-status,u0-history-2-0,3,4,False,True,False,True,,,,True
schema-rename-status,u0-history-2-1,3,4,False,True,False,True,,,,True
schema-rename-status,u0-future-0-0,3,4,True,True,True,True,3,4,0,True
schema-rename-status,u0-future-0-1,3,4,True,True,True,True,3,4,0,True
schema-rename-status,u0-future-1-0,3,4,True,True,True,True,3,4,0,True
schema-rename-status,u0-future-1-1,3,4,True,True,True,True,3,4,0,True
schema-rename-status,u0-future-2-0,3,4,True,True,True,True,3,4,0,True
schema-rename-status,u0-future-2-1,3,4,True,True,True,True,3,4,0,True
schema-rename-status,u0-output-0,3,4,True,True,True,True,3,4,0,True
schema-rename-status,u0-output-1,3,4,True,True,True,True,10,3,-1,True
schema-rename-status,u0-output-2,3,4,True,True,True,True,2,2,-2,True
schema-rename-status,u1-history-0-0,3,4,False,True,True,True,6,6,2,True
schema-rename-status,u1-history-0-1,3,4,False,True,True,True,6,6,2,True
schema-rename-status,u1-history-1-0,3,4,False,True,False,True,,,,True
schema-rename-status,u1-history-1-1,3,4,False,True,False,True,,,,True
schema-rename-status,u1-history-2-0,3,4,True,True,True,True,1,2,-2,True
schema-rename-status,u1-history-2-1,3,4,False,True,False,True,,,,True
schema-rename-status,u1-future-0-0,3,4,True,True,True,True,3,4,0,True
schema-rename-status,u1-future-0-1,3,4,True,True,True,True,3,4,0,True
schema-rename-status,u1-future-1-0,3,4,True,True,True,True,3,4,0,True
schema-rename-status,u1-future-1-1,3,4,True,True,True,True,3,4,0,True
schema-rename-status,u1-future-2-0,3,4,True,True,True,True,3,4,0,True
schema-rename-status,u1-future-2-1,3,4,True,True,True,True,3,4,0,True
schema-rename-status,u1-output-0,3,4,True,True,True,True,3,4,0,True
schema-rename-status,u1-output-1,3,4,True,True,True,True,4,4,0,True
schema-rename-status,u1-output-2,3,4,True,True,True,True,1,2,-2,True
slice-regression,u0-history-0-0,14,4,False,True,True,True,9,6,2,True
slice-regression,u0-history-0-1,14,4,True,True,True,True,12,3,-1,True
slice-regression,u0-history-0-2,14,4,False,True,True,True,9,6,2,True
slice-regression,u0-history-0-3,14,4,True,True,True,True,12,3,-1,True
slice-regression,u0-history-1-0,14,4,False,True,False,True,,,,True
slice-regression,u0-history-1-1,14,4,False,True,False,True,,,,True
slice-regression,u0-history-1-2,14,4,False,True,False,True,,,,True
slice-regression,u0-history-1-3,14,4,False,True,False,True,,,,True
slice-regression,u0-future-0-0,14,4,True,True,True,True,14,4,0,True
slice-regression,u0-future-0-1,14,4,True,True,True,True,14,4,0,True
slice-regression,u0-future-0-2,14,4,True,True,True,True,14,4,0,True
slice-regression,u0-future-0-3,14,4,True,True,True,True,14,4,0,True
slice-regression,u0-future-1-0,14,4,True,True,True,True,14,4,0,True
slice-regression,u0-future-1-1,14,4,True,True,True,True,14,4,0,True
slice-regression,u0-future-1-2,14,4,True,True,True,True,14,4,0,True
slice-regression,u0-future-1-3,14,4,True,True,True,True,14,4,0,True
slice-regression,u0-output-0,14,4,True,True,True,True,12,3,-1,True
slice-regression,u0-output-1,14,4,True,True,True,True,12,3,-1,True
slice-regression,u1-history-0-0,14,4,False,True,True,True,9,6,2,True
slice-regression,u1-history-0-1,14,4,True,True,True,True,10,3,-1,True
slice-regression,u1-history-0-2,14,4,False,True,True,True,9,6,2,True
slice-regression,u1-history-0-3,14,4,True,True,True,True,10,3,-1,True
slice-regression,u1-history-1-0,14,4,False,True,False,True,,,,True
slice-regression,u1-history-1-1,14,4,False,True,False,True,,,,True
slice-regression,u1-history-1-2,14,4,False,True,False,True,,,,True
slice-regression,u1-history-1-3,14,4,False,True,False,True,,,,True
slice-regression,u1-future-0-0,14,4,True,True,True,True,14,4,0,True
slice-regression,u1-future-0-1,14,4,True,True,True,True,14,4,0,True
slice-regression,u1-future-0-2,14,4,True,True,True,True,14,4,0,True
slice-regression,u1-future-0-3,14,4,True,True,True,True,14,4,0,True
slice-regression,u1-future-1-0,14,4,True,True,True,True,14,4,0,True
slice-regression,u1-future-1-1,14,4,True,True,True,True,14,4,0,True
slice-regression,u1-future-1-2,14,4,True,True,True,True,14,4,0,True
slice-regression,u1-future-1-3,14,4,True,True,True,True,14,4,0,True
slice-regression,u1-output-0,14,4,True,True,True,True,10,3,-1,True
slice-regression,u1-output-1,14,4,True,True,True,True,10,3,-1,True
slice-regression,u2-history-0-0,14,4,False,True,False,True,,,,True
slice-regression,u2-history-0-1,14,4,True,True,True,True,14,4,0,True
slice-regression,u2-history-0-2,14,4,False,True,False,True,,,,True
slice-regression,u2-history-0-3,14,4,True,True,True,True,14,4,0,True
slice-regression,u2-history-1-0,14,4,False,True,False,True,,,,True
slice-regression,u2-history-1-1,14,4,False,True,False,True,,,,True
slice-regression,u2-history-1-2,14,4,False,True,False,True,,,,True
slice-regression,u2-history-1-3,14,4,False,True,False,True,,,,True
slice-regression,u2-history-2-0,14,4,False,True,False,True,,,,True
slice-regression,u2-history-2-1,14,4,False,True,False,True,,,,True
slice-regression,u2-history-2-2,14,4,False,True,False,True,,,,True
slice-regression,u2-history-2-3,14,4,False,True,False,True,,,,True
slice-regression,u2-future-0-0,14,4,True,True,True,True,14,4,0,True
slice-regression,u2-future-0-1,14,4,True,True,True,True,14,4,0,True
slice-regression,u2-future-0-2,14,4,True,True,True,True,14,4,0,True
slice-regression,u2-future-0-3,14,4,True,True,True,True,14,4,0,True
slice-regression,u2-future-1-0,14,4,True,True,True,True,14,4,0,True
slice-regression,u2-future-1-1,14,4,True,True,True,True,14,4,0,True
slice-regression,u2-future-1-2,14,4,True,True,True,True,14,4,0,True
slice-regression,u2-future-1-3,14,4,True,True,True,True,14,4,0,True
slice-regression,u2-future-2-0,14,4,True,True,True,True,14,4,0,True
slice-regression,u2-future-2-1,14,4,True,True,True,True,14,4,0,True
slice-regression,u2-future-2-2,14,4,True,True,True,True,14,4,0,True
slice-regression,u2-future-2-3,14,4,True,True,True,True,14,4,0,True
slice-regression,u2-output-0,14,4,True,True,True,True,14,4,0,True
slice-regression,u2-output-1,14,4,True,True,True,True,6,2,-2,True
slice-regression,u2-output-2,14,4,True,True,True,True,6,2,-2,True
threshold-family,u0-history-0-0,4,2,False,True,True,True,12,4,2,True
threshold-family,u0-history-0-1,4,2,True,True,True,True,4,2,0,True
threshold-family,u0-history-1-0,4,2,False,True,True,True,12,4,2,True
threshold-family,u0-history-1-1,4,2,False,True,False,True,,,,True
threshold-family,u0-future-0-0,4,2,True,True,True,True,4,2,0,True
threshold-family,u0-future-0-1,4,2,True,True,True,True,4,2,0,True
threshold-family,u0-future-1-0,4,2,True,True,True,True,4,2,0,True
threshold-family,u0-future-1-1,4,2,True,True,True,True,4,2,0,True
threshold-family,u0-output-0,4,2,True,True,True,True,4,2,0,True
threshold-family,u0-output-1,4,2,True,True,True,True,4,2,0,True
threshold-family,u1-history-0-0,4,2,False,True,False,True,,,,True
threshold-family,u1-history-0-1,4,2,True,True,True,True,4,2,0,True
threshold-family,u1-history-1-0,4,2,False,True,True,True,12,4,2,True
threshold-family,u1-history-1-1,4,2,False,True,False,True,,,,True
threshold-family,u1-history-2-0,4,2,False,True,False,True,,,,True
threshold-family,u1-history-2-1,4,2,False,True,False,True,,,,True
threshold-family,u1-future-0-0,4,2,True,True,True,True,4,2,0,True
threshold-family,u1-future-0-1,4,2,True,True,True,True,4,2,0,True
threshold-family,u1-future-1-0,4,2,True,True,True,True,4,2,0,True
threshold-family,u1-future-1-1,4,2,True,True,True,True,4,2,0,True
threshold-family,u1-future-2-0,4,2,True,True,True,True,4,2,0,True
threshold-family,u1-future-2-1,4,2,True,True,True,True,4,2,0,True
threshold-family,u1-output-0,4,2,True,True,True,True,4,2,0,True
threshold-family,u1-output-1,4,2,True,True,True,True,4,2,0,True
threshold-family,u1-output-2,4,2,True,True,True,True,4,2,0,True
threshold-family,u2-history-0-0,4,2,False,True,False,True,,,,True
threshold-family,u2-history-0-1,4,2,True,True,True,True,2,2,0,True
threshold-family,u2-history-1-0,4,2,False,True,False,True,,,,True
threshold-family,u2-history-1-1,4,2,True,True,True,True,2,2,0,True
threshold-family,u2-history-2-0,4,2,False,True,True,True,12,4,2,True
threshold-family,u2-history-2-1,4,2,False,True,False,True,,,,True
threshold-family,u2-history-3-0,4,2,False,True,False,True,,,,True
threshold-family,u2-history-3-1,4,2,False,True,False,True,,,,True
threshold-family,u2-future-0-0,4,2,True,True,True,True,4,2,0,True
threshold-family,u2-future-0-1,4,2,True,True,True,True,4,2,0,True
threshold-family,u2-future-1-0,4,2,True,True,True,True,4,2,0,True
threshold-family,u2-future-1-1,4,2,True,True,True,True,4,2,0,True
threshold-family,u2-future-2-0,4,2,True,True,True,True,4,2,0,True
threshold-family,u2-future-2-1,4,2,True,True,True,True,4,2,0,True
threshold-family,u2-future-3-0,4,2,True,True,True,True,4,2,0,True
threshold-family,u2-future-3-1,4,2,True,True,True,True,4,2,0,True
threshold-family,u2-output-0,4,2,True,True,True,True,4,2,0,True
threshold-family,u2-output-1,4,2,True,True,True,True,4,2,0,True
threshold-family,u2-output-2,4,2,True,True,True,True,2,2,0,True
threshold-family,u2-output-3,4,2,True,True,True,True,2,2,0,True
weighted-greedy-trap,u0-history-0-0,22,10,True,True,True,True,21,9,-1,True
weighted-greedy-trap,u0-history-0-1,22,10,True,True,True,True,21,9,-1,True
weighted-greedy-trap,u0-history-0-2,22,10,True,True,True,True,22,10,0,True
weighted-greedy-trap,u0-history-1-0,22,10,False,True,False,True,,,,True
weighted-greedy-trap,u0-history-1-1,22,10,False,True,False,True,,,,True
weighted-greedy-trap,u0-history-1-2,22,10,False,True,False,True,,,,True
weighted-greedy-trap,u0-future-0-0,22,10,True,True,True,True,22,10,0,True
weighted-greedy-trap,u0-future-0-1,22,10,True,True,True,True,22,10,0,True
weighted-greedy-trap,u0-future-0-2,22,10,True,True,True,True,22,10,0,True
weighted-greedy-trap,u0-future-1-0,22,10,True,True,True,True,22,10,0,True
weighted-greedy-trap,u0-future-1-1,22,10,True,True,True,True,22,10,0,True
weighted-greedy-trap,u0-future-1-2,22,10,True,True,True,True,22,10,0,True
weighted-greedy-trap,u0-output-0,22,10,True,True,True,True,21,9,-1,True
weighted-greedy-trap,u0-output-1,22,10,True,True,True,True,21,9,-1,True
weighted-greedy-trap,u1-history-0-0,22,10,True,True,True,True,22,10,0,True
weighted-greedy-trap,u1-history-0-1,22,10,True,True,True,True,22,10,0,True
weighted-greedy-trap,u1-history-0-2,22,10,True,True,True,True,22,10,0,True
weighted-greedy-trap,u1-history-1-0,22,10,False,True,False,True,,,,True
weighted-greedy-trap,u1-history-1-1,22,10,False,True,False,True,,,,True
weighted-greedy-trap,u1-history-1-2,22,10,False,True,False,True,,,,True
weighted-greedy-trap,u1-future-0-0,22,10,True,True,True,True,22,10,0,True
weighted-greedy-trap,u1-future-0-1,22,10,True,True,True,True,22,10,0,True
weighted-greedy-trap,u1-future-0-2,22,10,True,True,True,True,22,10,0,True
weighted-greedy-trap,u1-future-1-0,22,10,True,True,True,True,22,10,0,True
weighted-greedy-trap,u1-future-1-1,22,10,True,True,True,True,22,10,0,True
weighted-greedy-trap,u1-future-1-2,22,10,True,True,True,True,22,10,0,True
weighted-greedy-trap,u1-output-0,22,10,True,True,True,True,22,10,0,True
weighted-greedy-trap,u1-output-1,22,10,True,True,True,True,22,10,0,True
weighted-greedy-trap,u2-history-0-0,22,10,True,True,True,True,22,10,0,True
weighted-greedy-trap,u2-history-0-1,22,10,True,True,True,True,25,8,-2,True
weighted-greedy-trap,u2-history-0-2,22,10,True,True,True,True,25,8,-2,True
weighted-greedy-trap,u2-history-1-0,22,10,False,True,False,True,,,,True
weighted-greedy-trap,u2-history-1-1,22,10,False,True,False,True,,,,True
weighted-greedy-trap,u2-history-1-2,22,10,False,True,False,True,,,,True
weighted-greedy-trap,u2-future-0-0,22,10,True,True,True,True,22,10,0,True
weighted-greedy-trap,u2-future-0-1,22,10,True,True,True,True,22,10,0,True
weighted-greedy-trap,u2-future-0-2,22,10,True,True,True,True,22,10,0,True
weighted-greedy-trap,u2-future-1-0,22,10,True,True,True,True,22,10,0,True
weighted-greedy-trap,u2-future-1-1,22,10,True,True,True,True,22,10,0,True
weighted-greedy-trap,u2-future-1-2,22,10,True,True,True,True,22,10,0,True
weighted-greedy-trap,u2-output-0,22,10,True,True,True,True,25,8,-2,True
weighted-greedy-trap,u2-output-1,22,10,True,True,True,True,25,8,-2,True
weighted-greedy-trap,u3-history-0-0,22,10,True,True,True,True,22,10,0,True
weighted-greedy-trap,u3-history-0-1,22,10,True,True,True,True,28,7,-3,True
weighted-greedy-trap,u3-history-0-2,22,10,True,True,True,True,28,7,-3,True
weighted-greedy-trap,u3-history-1-0,22,10,False,True,False,True,,,,True
weighted-greedy-trap,u3-history-1-1,22,10,False,True,False,True,,,,True
weighted-greedy-trap,u3-history-1-2,22,10,False,True,False,True,,,,True
weighted-greedy-trap,u3-future-0-0,22,10,True,True,True,True,22,10,0,True
weighted-greedy-trap,u3-future-0-1,22,10,True,True,True,True,22,10,0,True
weighted-greedy-trap,u3-future-0-2,22,10,True,True,True,True,22,10,0,True
weighted-greedy-trap,u3-future-1-0,22,10,True,True,True,True,22,10,0,True
weighted-greedy-trap,u3-future-1-1,22,10,True,True,True,True,22,10,0,True
weighted-greedy-trap,u3-future-1-2,22,10,True,True,True,True,22,10,0,True
weighted-greedy-trap,u3-output-0,22,10,True,True,True,True,28,7,-3,True
weighted-greedy-trap,u3-output-1,22,10,True,True,True,True,28,7,-3,True
