problem,atoms,updates,masks_checked,feasible,selected_mask,selected_cost,oracle_mask,oracle_cost,certificate_valid
random-0000,2,2,4,True,1,1,1,1,True
random-0001,2,2,4,True,0,0,0,0,True
random-0002,4,2,16,True,0,0,0,0,True
random-0003,3,1,8,True,0,0,0,0,True
random-0004,4,1,16,True,0,0,0,0,True
random-0005,3,2,8,True,0,0,0,0,True
random-0006,2,1,4,True,0,0,0,0,True
random-0007,4,1,16,False,,,,,True
random-0008,3,2,8,False,,,,,True
random-0009,3,1,8,True,0,0,0,0,True
random-0010,2,1,4,True,1,5,1,5,True
random-0011,4,2,16,True,8,3,8,3,True
random-0012,4,2,16,True,0,0,0,0,True
random-0013,3,2,8,True,4,5,4,5,True
random-0014,3,1,8,False,,,,,True
random-0015,2,2,4,False,,,,,True
random-0016,2,2,4,False,,,,,True
random-0017,4,1,16,True,8,5,8,5,True
random-0018,2,1,4,True,0,0,0,0,True
random-0019,3,2,8,False,,,,,True
random-0020,3,2,8,True,0,0,0,0,True
random-0021,4,1,16,True,0,0,0,0,True
random-0022,2,1,4,True,0,0,0,0,True
random-0023,2,1,4,True,0,0,0,0,True
random-0024,4,1,16,True,0,0,0,0,True
random-0025,4,1,16,True,0,0,0,0,True
random-0026,4,1,16,False,,,,,True
random-0027,2,2,4,True,1,2,1,2,True
random-0028,4,1,16,True,0,0,0,0,True
random-0029,2,2,4,True,0,0,0,0,True
random-0030,2,1,4,True,0,0,0,0,True
random-0031,3,2,8,True,0,0,0,0,True
random-0032,4,2,16,True,0,0,0,0,True
random-0033,3,2,8,True,0,0,0,0,True
random-0034,3,2,8,False,,,,,True
random-0035,3,1,8,True,0,0,0,0,True
random-0036,2,1,4,True,0,0,0,0,True
random-0037,3,1,8,True,0,0,0,0,True
random-0038,3,1,8,False,,,,,True
random-0039,3,2,8,True,0,0,0,0,True
random-0040,3,2,8,False,,,,,True
random-0041,2,2,4,True,0,0,0,0,True
random-0042,3,1,8,True,0,0,0,0,True
random-0043,4,2,16,False,,,,,True
random-0044,4,2,16,False,,,,,True
random-0045,2,2,4,True,0,0,0,0,True
random-0046,4,1,16,True,0,0,0,0,True
random-0047,3,2,8,False,,,,,True
random-0048,2,2,4,True,0,0,0,0,True
random-0049,4,1,16,False,,,,,True
random-0050,4,2,16,True,0,0,0,0,True
random-0051,2,1,4,False,,,,,True
random-0052,3,1,8,True,1,4,1,4,True
random-0053,3,1,8,True,1,2,1,2,True
random-0054,2,2,4,True,0,0,0,0,True
random-0055,3,2,8,False,,,,,True
random-0056,2,2,4,False,,,,,True
random-0057,2,2,4,True,0,0,0,0,True
random-0058,3,1,8,True,0,0,0,0,True
random-0059,2,1,4,False,,,,,True
random-0060,3,1,8,True,0,0,0,0,True
random-0061,3,2,8,True,0,0,0,0,True
random-0062,3,1,8,True,0,0,0,0,True
random-0063,2,1,4,True,0,0,0,0,True
random-0064,2,2,4,True,0,0,0,0,True
random-0065,4,2,16,False,,,,,True
random-0066,3,1,8,True,0,0,0,0,True
random-0067,2,1,4,True,0,0,0,0,True
random-0068,3,1,8,True,0,0,0,0,True
random-0069,4,1,16,True,0,0,0,0,True
random-0070,2,1,4,True,0,0,0,0,True
random-0071,4,2,16,False,,,,,True
random-0072,2,2,4,True,0,0,0,0,True
random-0073,3,1,8,True,0,0,0,0,True
random-0074,4,2,16,True,0,0,0,0,True
random-0075,2,2,4,False,,,,,True
random-0076,4,2,16,True,0,0,0,0,True
random-0077,3,1,8,True,0,0,0,0,True
random-0078,2,1,4,True,0,0,0,0,True
random-0079,4,2,16,False,,,,,True
random-0080,2,2,4,False,,,,,True
random-0081,3,1,8,False,,,,,True
random-0082,4,2,16,True,0,0,0,0,True
random-0083,4,2,16,True,0,0,0,0,True
random-0084,4,2,16,True,0,0,0,0,True
random-0085,4,1,16,True,0,0,0,0,True
random-0086,4,1,16,True,0,0,0,0,True
random-0087,4,2,16,True,0,0,0,0,True
random-0088,4,2,16,True,0,0,0,0,True
random-0089,2,2,4,False,,,,,True
random-0090,2,2,4,True,1,3,1,3,True
random-0091,3,1,8,True,1,2,1,2,True
random-0092,4,1,16,True,0,0,0,0,True
random-0093,4,2,16,True,0,0,0,0,True
random-0094,2,2,4,True,0,0,0,0,True
random-0095,2,2,4,True,0,0,0,0,True
random-0096,4,1,16,True,0,0,0,0,True
random-0097,4,2,16,False,,,,,True
random-0098,4,2,16,True,4,1,4,1,True
random-0099,4,2,16,False,,,,,True
random-0100,2,1,4,True,1,4,1,4,True
random-0101,2,2,4,True,0,0,0,0,True
random-0102,2,2,4,True,0,0,0,0,True
random-0103,4,2,16,False,,,,,True
random-0104,3,2,8,False,,,,,True
random-0105,2,2,4,True,0,0,0,0,True
random-0106,3,2,8,True,0,0,0,0,True
random-0107,2,2,4,True,3,5,3,5,True
random-0108,3,2,8,True,0,0,0,0,True
random-0109,3,1,8,False,,,,,True
random-0110,3,2,8,False,,,,,True
random-0111,2,1,4,False,,,,,True
random-0112,2,2,4,True,0,0,0,0,True
random-0113,3,2,8,True,0,0,0,0,True
random-0114,3,1,8,True,0,0,0,0,True
random-0115,3,2,8,True,0,0,0,0,True
random-0116,4,1,16,True,0,0,0,0,True
random-0117,3,1,8,True,0,0,0,0,True
random-0118,4,1,16,True,2,3,2,3,True
random-0119,2,2,4,True,2,1,2,1,True
random-0120,4,2,16,False,,,,,True
random-0121,2,1,4,True,0,0,0,0,True
random-0122,3,1,8,False,,,,,True
random-0123,4,1,16,True,0,0,0,0,True
random-0124,3,2,8,False,,,,,True
random-0125,3,1,8,False,,,,,True
random-0126,3,2,8,True,0,0,0,0,True
random-0127,4,1,16,True,0,0,0,0,True
random-0128,2,1,4,True,0,0,0,0,True
random-0129,4,1,16,False,,,,,True
random-0130,2,2,4,False,,,,,True
random-0131,2,2,4,False,,,,,True
random-0132,3,1,8,True,0,0,0,0,True
random-0133,3,2,8,False,,,,,True
random-0134,2,1,4,True,0,0,0,0,True
random-0135,4,1,16,True,0,0,0,0,True
random-0136,2,1,4,True,0,0,0,0,True
random-0137,3,2,8,True,4,2,4,2,True
random-0138,2,2,4,False,,,,,True
random-0139,4,1,16,True,0,0,0,0,True
random-0140,2,1,4,True,0,0,0,0,True
random-0141,3,2,8,True,1,5,1,5,True
random-0142,4,1,16,True,0,0,0,0,True
random-0143,2,2,4,False,,,,,True
random-0144,2,1,4,True,0,0,0,0,True
random-0145,4,1,16,True,0,0,0,0,True
random-0146,4,2,16,False,,,,,True
random-0147,3,1,8,True,0,0,0,0,True
random-0148,2,1,4,False,,,,,True
random-0149,3,2,8,True,0,0,0,0,True
random-0150,2,1,4,False,,,,,True
random-0151,2,1,4,True,0,0,0,0,True
random-0152,2,1,4,True,0,0,0,0,True
random-0153,2,1,4,True,0,0,0,0,True
random-0154,4,2,16,True,0,0,0,0,True
random-0155,3,1,8,False,,,,,True
random-0156,4,1,16,True,0,0,0,0,True
random-0157,2,1,4,True,1,1,1,1,True
random-0158,4,1,16,True,0,0,0,0,True
random-0159,4,1,16,True,0,0,0,0,True
random-0160,2,2,4,True,0,0,0,0,True
random-0161,3,1,8,True,0,0,0,0,True
random-0162,3,2,8,False,,,,,True
random-0163,3,2,8,False,,,,,True
random-0164,3,2,8,True,0,0,0,0,True
random-0165,3,1,8,True,0,0,0,0,True
random-0166,2,1,4,True,0,0,0,0,True
random-0167,3,1,8,True,0,0,0,0,True
random-0168,2,1,4,False,,,,,True
random-0169,4,1,16,True,0,0,0,0,True
random-0170,4,1,16,True,0,0,0,0,True
random-0171,3,1,8,False,,,,,True
random-0172,2,1,4,True,0,0,0,0,True
random-0173,2,2,4,True,0,0,0,0,True
random-0174,2,1,4,True,0,0,0,0,True
random-0175,2,2,4,False,,,,,True
random-0176,3,1,8,True,0,0,0,0,True
random-0177,3,1,8,True,0,0,0,0,True
random-0178,4,1,16,True,0,0,0,0,True
random-0179,3,2,8,True,0,0,0,0,True
random-0180,2,1,4,False,,,,,True
random-0181,2,1,4,True,0,0,0,0,True
random-0182,2,2,4,True,0,0,0,0,True
random-0183,3,1,8,True,0,0,0,0,True
random-0184,2,1,4,False,,,,,True
random-0185,4,1,16,True,0,0,0,0,True
random-0186,3,1,8,False,,,,,True
random-0187,4,2,16,True,0,0,0,0,True
random-0188,3,1,8,False,,,,,True
random-0189,3,1,8,True,4,5,4,5,True
random-0190,3,1,8,True,0,0,0,0,True
random-0191,4,2,16,True,0,0,0,0,True
random-0192,3,1,8,False,,,,,True
random-0193,4,1,16,True,0,0,0,0,True
random-0194,4,2,16,False,,,,,True
random-0195,3,1,8,True,0,0,0,0,True
random-0196,3,1,8,False,,,,,True
random-0197,4,2,16,True,0,0,0,0,True
random-0198,2,1,4,True,0,0,0,0,True
random-0199,2,1,4,True,0,0,0,0,True
random-0200,4,1,16,True,0,0,0,0,True
random-0201,2,1,4,True,0,0,0,0,True
random-0202,3,1,8,False,,,,,True
random-0203,4,2,16,False,,,,,True
random-0204,2,2,4,False,,,,,True
random-0205,4,1,16,True,0,0,0,0,True
random-0206,3,2,8,False,,,,,True
random-0207,3,2,8,True,0,0,0,0,True
random-0208,3,1,8,True,0,0,0,0,True
random-0209,3,2,8,False,,,,,True
random-0210,3,2,8,True,0,0,0,0,True
random-0211,3,1,8,True,0,0,0,0,True
random-0212,4,1,16,True,0,0,0,0,True
random-0213,3,1,8,True,0,0,0,0,True
random-0214,3,1,8,True,0,0,0,0,True
random-0215,3,2,8,True,0,0,0,0,True
random-0216,4,2,16,True,0,0,0,0,True
random-0217,4,1,16,False,,,,,True
random-0218,4,1,16,True,0,0,0,0,True
random-0219,2,2,4,True,1,4,1,4,True
random-0220,2,2,4,True,2,1,2,1,True
random-0221,4,2,16,True,0,0,0,0,True
random-0222,2,1,4,True,0,0,0,0,True
random-0223,2,2,4,True,0,0,0,0,True
random-0224,3,1,8,True,0,0,0,0,True
random-0225,4,2,16,False,,,,,True
random-0226,2,2,4,True,0,0,0,0,True
random-0227,4,1,16,False,,,,,True
random-0228,4,1,16,True,0,0,0,0,True
random-0229,4,2,16,False,,,,,True
random-0230,2,1,4,True,0,0,0,0,True
random-0231,3,1,8,False,,,,,True
random-0232,4,2,16,True,0,0,0,0,True
random-0233,3,2,8,False,,,,,True
random-0234,2,2,4,True,0,0,0,0,True
random-0235,4,2,16,True,0,0,0,0,True
random-0236,4,2,16,False,,,,,True
random-0237,2,2,4,True,0,0,0,0,True
random-0238,3,2,8,True,0,0,0,0,True
random-0239,4,1,16,True,0,0,0,0,True
random-0240,4,2,16,True,0,0,0,0,True
random-0241,2,1,4,False,,,,,True
random-0242,3,1,8,False,,,,,True
random-0243,2,1,4,True,0,0,0,0,True
random-0244,4,1,16,True,4,1,4,1,True
random-0245,3,1,8,True,0,0,0,0,True
random-0246,4,1,16,True,0,0,0,0,True
random-0247,3,2,8,True,2,1,2,1,True
random-0248,2,2,4,True,0,0,0,0,True
random-0249,2,1,4,True,2,3,2,3,True
random-0250,2,1,4,True,0,0,0,0,True
random-0251,2,2,4,True,0,0,0,0,True
random-0252,4,2,16,True,0,0,0,0,True
random-0253,3,1,8,True,2,2,2,2,True
random-0254,3,1,8,True,0,0,0,0,True
random-0255,2,2,4,False,,,,,True
