citation_key,title,year,primary_locator,verification_status,verification_basis,checked_utc,notes
overton2019,Overton: A Data System for Monitoring and Improving Machine-Learned Products,2019,https://arxiv.org/abs/1909.05372,official_archive_cross_checked,arXiv record and author-posted full text cross-checked,2026-09-16,Paper-level reading scope and reuse boundary are recorded in calibration-matrix.csv
breck2019,Data Validation for Machine Learning,2019,https://proceedings.mlsys.org/paper_files/paper/2019/hash/928f1160e52192e3e0017fb63ab65391-Abstract.html,official_archive_cross_checked,official MLSys proceedings record and PDF title page cross-checked,2026-09-16,Paper-level reading scope and reuse boundary are recorded in calibration-matrix.csv
schelter2018,Automating Large-Scale Data Quality Verification,2018,https://doi.org/10.14778/3229863.3229867,publisher_metadata_cross_checked,DOI/publisher metadata cross-checked against the BibTeX record; full-text reading is not implied by this ledger,2026-09-16,Paper-level reading scope and reuse boundary are recorded in calibration-matrix.csv
baylor2017,{TFX}: A TensorFlow-Based Production-Scale Machine Learning Platform,2017,https://doi.org/10.1145/3097983.3098021,publisher_metadata_cross_checked,DOI/publisher metadata cross-checked against the BibTeX record; full-text reading is not implied by this ledger,2026-09-16,Bibliographic metadata checked; cited only for the specific manuscript claim
sculley2015,Hidden Technical Debt in Machine Learning Systems,2015,https://papers.nips.cc/paper/5656-hidden-technical-debt-in-machine-learning-systems,official_archive_cross_checked,official NeurIPS proceedings record and paper cross-checked,2026-09-16,Paper-level reading scope and reuse boundary are recorded in calibration-matrix.csv
polyzotis2017,Data Management Challenges in Production Machine Learning,2017,https://doi.org/10.1145/3035918.3054782,publisher_metadata_cross_checked,DOI/publisher metadata cross-checked against the BibTeX record; full-text reading is not implied by this ledger,2026-09-16,Bibliographic metadata checked; cited only for the specific manuscript claim
breck2017,The {ML} Test Score: A Rubric for {ML} Production Readiness and Technical Debt Reduction,2017,https://doi.org/10.1109/BigData.2017.8258038,publisher_metadata_cross_checked,DOI/publisher metadata cross-checked against the BibTeX record; full-text reading is not implied by this ledger,2026-09-16,Bibliographic metadata checked; cited only for the specific manuscript claim
amershi2019,Software Engineering for Machine Learning: A Case Study,2019,https://doi.org/10.1109/ICSE-SEIP.2019.00042,publisher_metadata_cross_checked,DOI/publisher metadata cross-checked against the BibTeX record; full-text reading is not implied by this ledger,2026-09-16,Bibliographic metadata checked; cited only for the specific manuscript claim
sambasivan2021,"Everyone Wants to Do the Model Work, Not the Data Work: Data Cascades in High-Stakes {AI}",2021,https://doi.org/10.1145/3411764.3445518,publisher_metadata_cross_checked,DOI/publisher metadata cross-checked against the BibTeX record; full-text reading is not implied by this ledger,2026-09-16,Bibliographic metadata checked; cited only for the specific manuscript claim
gebru2021,Datasheets for Datasets,2021,https://doi.org/10.1145/3458723,publisher_metadata_cross_checked,DOI/publisher metadata cross-checked against the BibTeX record; full-text reading is not implied by this ledger,2026-09-16,Bibliographic metadata checked; cited only for the specific manuscript claim
mitchell2019,Model Cards for Model Reporting,2019,https://doi.org/10.1145/3287560.3287596,publisher_metadata_cross_checked,DOI/publisher metadata cross-checked against the BibTeX record; full-text reading is not implied by this ledger,2026-09-16,Bibliographic metadata checked; cited only for the specific manuscript claim
lwakatare2019,A Taxonomy of Software Engineering Challenges for Machine Learning Systems: An Empirical Investigation,2019,https://doi.org/10.1007/978-3-030-19034-7_14,publisher_metadata_cross_checked,DOI/publisher metadata cross-checked against the BibTeX record; full-text reading is not implied by this ledger,2026-09-16,Bibliographic metadata checked; cited only for the specific manuscript claim
arpteg2018,Software Engineering Challenges of Deep Learning,2018,https://doi.org/10.1109/SEAA.2018.00018,publisher_metadata_cross_checked,DOI/publisher metadata cross-checked against the BibTeX record; full-text reading is not implied by this ledger,2026-09-16,Bibliographic metadata checked; cited only for the specific manuscript claim
serban2020,Adoption and Effects of Software Engineering Best Practices in Machine Learning,2020,https://doi.org/10.1145/3382494.3410681,publisher_metadata_cross_checked,DOI/publisher metadata cross-checked against the BibTeX record; full-text reading is not implied by this ledger,2026-09-16,Bibliographic metadata checked; cited only for the specific manuscript claim
kim2018,Data Scientists in Software Teams: State of the Art and Challenges,2018,https://doi.org/10.1109/TSE.2017.2754374,publisher_metadata_cross_checked,DOI/publisher metadata cross-checked against the BibTeX record; full-text reading is not implied by this ledger,2026-09-16,Paper-level reading scope and reuse boundary are recorded in calibration-matrix.csv
wan2021,How Does Machine Learning Change Software Development Practices?,2021,https://doi.org/10.1109/TSE.2019.2937083,publisher_metadata_cross_checked,DOI/publisher metadata cross-checked against the BibTeX record; full-text reading is not implied by this ledger,2026-09-16,Paper-level reading scope and reuse boundary are recorded in calibration-matrix.csv
zhang2022,"Machine Learning Testing: Survey, Landscapes and Horizons",2022,https://doi.org/10.1109/TSE.2019.2962027,publisher_metadata_cross_checked,DOI/publisher metadata cross-checked against the BibTeX record; full-text reading is not implied by this ledger,2026-09-16,Paper-level reading scope and reuse boundary are recorded in calibration-matrix.csv
wang2023,Machine/Deep Learning for Software Engineering: A Systematic Literature Review,2023,https://doi.org/10.1109/TSE.2022.3173346,publisher_metadata_cross_checked,DOI/publisher metadata cross-checked against the BibTeX record; full-text reading is not implied by this ledger,2026-09-16,Paper-level reading scope and reuse boundary are recorded in calibration-matrix.csv
gu2023,Logging Practices in Software Engineering: A Systematic Mapping Study,2023,https://doi.org/10.1109/TSE.2022.3166924,publisher_metadata_cross_checked,DOI/publisher metadata cross-checked against the BibTeX record; full-text reading is not implied by this ledger,2026-09-16,Paper-level reading scope and reuse boundary are recorded in calibration-matrix.csv
yuan2012,Characterizing Logging Practices in Open-Source Software,2012,https://doi.org/10.1109/ICSE.2012.6227202,publisher_metadata_cross_checked,DOI/publisher metadata cross-checked against the BibTeX record; full-text reading is not implied by this ledger,2026-09-16,Bibliographic metadata checked; cited only for the specific manuscript claim
zhu2015,Learning to Log: Helping Developers Make Informed Logging Decisions,2015,https://doi.org/10.1109/ICSE.2015.60,publisher_metadata_cross_checked,DOI/publisher metadata cross-checked against the BibTeX record; full-text reading is not implied by this ledger,2026-09-16,Bibliographic metadata checked; cited only for the specific manuscript claim
peters2002,Requirements-Based Monitors for Real-Time Systems,2002,https://doi.org/10.1109/32.988496,publisher_metadata_cross_checked,DOI/publisher metadata cross-checked against the BibTeX record; full-text reading is not implied by this ledger,2026-09-16,Paper-level reading scope and reuse boundary are recorded in calibration-matrix.csv
delgado2004,A Taxonomy and Catalog of Runtime Software-Fault Monitoring Tools,2004,https://doi.org/10.1109/TSE.2004.91,publisher_metadata_cross_checked,DOI/publisher metadata cross-checked against the BibTeX record; full-text reading is not implied by this ledger,2026-09-16,Paper-level reading scope and reuse boundary are recorded in calibration-matrix.csv
ernst2001,Dynamically Discovering Likely Program Invariants to Support Program Evolution,2001,https://doi.org/10.1109/32.908957,publisher_metadata_cross_checked,DOI/publisher metadata cross-checked against the BibTeX record; full-text reading is not implied by this ledger,2026-09-16,Paper-level reading scope and reuse boundary are recorded in calibration-matrix.csv
basin2013,Monitoring Data Usage in Distributed Systems,2013,https://doi.org/10.1109/TSE.2013.18,publisher_metadata_cross_checked,DOI/publisher metadata cross-checked against the BibTeX record; full-text reading is not implied by this ledger,2026-09-16,Paper-level reading scope and reuse boundary are recorded in calibration-matrix.csv
cinque2013,Event Logs for the Analysis of Software Failures: A Rule-Based Approach,2013,https://doi.org/10.1109/TSE.2012.67,publisher_metadata_cross_checked,DOI/publisher metadata cross-checked against the BibTeX record; full-text reading is not implied by this ledger,2026-09-16,Paper-level reading scope and reuse boundary are recorded in calibration-matrix.csv
torres2023,Runtime Verification of Crypto APIs: An Empirical Study,2023,https://doi.org/10.1109/TSE.2023.3301660,publisher_metadata_cross_checked,DOI/publisher metadata cross-checked against the BibTeX record; full-text reading is not implied by this ledger,2026-09-16,Paper-level reading scope and reuse boundary are recorded in calibration-matrix.csv
caldas2024,Runtime Verification and Field-Based Testing for {ROS}-Based Robotic Systems,2024,https://doi.org/10.1109/TSE.2024.3444697,publisher_metadata_cross_checked,DOI/publisher metadata cross-checked against the BibTeX record; full-text reading is not implied by this ledger,2026-09-16,Paper-level reading scope and reuse boundary are recorded in calibration-matrix.csv
carwehl2023,Runtime Verification of Self-Adaptive Systems with Changing Requirements,2023,https://doi.org/10.1109/SEAMS59076.2023.00024,publisher_metadata_cross_checked,DOI/publisher metadata cross-checked against the BibTeX record; full-text reading is not implied by this ledger,2026-09-16,Paper-level reading scope and reuse boundary are recorded in calibration-matrix.csv
dynsrv2026,{DynSRV}: Dynamically Updated Properties for Stream Runtime Verification,2026,https://doi.org/10.1007/978-3-032-05435-7_7,publisher_metadata_cross_checked,DOI/publisher metadata cross-checked against the BibTeX record; full-text reading is not implied by this ledger,2026-09-16,Paper-level reading scope and reuse boundary are recorded in calibration-matrix.csv
pedregal2023,A Stream Runtime Verification Tool with Nested and Retroactive Parametrization,2023,https://doi.org/10.1007/978-3-031-44267-4_19,publisher_metadata_cross_checked,DOI/publisher metadata cross-checked against the BibTeX record; full-text reading is not implied by this ledger,2026-09-16,Paper-level reading scope and reuse boundary are recorded in calibration-matrix.csv
bartocci2012,Adaptive Runtime Verification,2012,https://doi.org/10.1007/978-3-642-35632-2_18,publisher_metadata_cross_checked,DOI/publisher metadata cross-checked against the BibTeX record; full-text reading is not implied by this ledger,2026-09-16,Paper-level reading scope and reuse boundary are recorded in calibration-matrix.csv
demir2026,Multi-Property Temporal Logic Monitoring,2026,https://doi.org/10.34727/2026/isbn.978-3-85448-093-8_27,publisher_metadata_cross_checked,DOI/publisher metadata cross-checked against the BibTeX record; full-text reading is not implied by this ledger,2026-09-16,Paper-level reading scope and reuse boundary are recorded in calibration-matrix.csv
leucker2009,A Brief Account of Runtime Verification,2009,https://doi.org/10.1016/j.jlap.2008.08.004,publisher_metadata_cross_checked,DOI/publisher metadata cross-checked against the BibTeX record; full-text reading is not implied by this ledger,2026-09-16,Bibliographic metadata checked; cited only for the specific manuscript claim
havelund2004,Efficient Monitoring of Safety Properties,2004,https://doi.org/10.1007/s10009-003-0117-6,publisher_metadata_cross_checked,DOI/publisher metadata cross-checked against the BibTeX record; full-text reading is not implied by this ledger,2026-09-16,Bibliographic metadata checked; cited only for the specific manuscript claim
rosu2005,Rewriting-Based Techniques for Runtime Verification,2005,https://doi.org/10.1007/s10515-005-6205-y,publisher_metadata_cross_checked,DOI/publisher metadata cross-checked against the BibTeX record; full-text reading is not implied by this ledger,2026-09-16,Bibliographic metadata checked; cited only for the specific manuscript claim
bauer2011,Runtime Verification for {LTL} and {TLTL},2011,https://doi.org/10.1145/2000799.2000800,publisher_metadata_cross_checked,DOI/publisher metadata cross-checked against the BibTeX record; full-text reading is not implied by this ledger,2026-09-16,Bibliographic metadata checked; cited only for the specific manuscript claim
meredith2012,An Overview of the {MOP} Runtime Verification Framework,2012,https://doi.org/10.1007/s10009-011-0198-6,publisher_metadata_cross_checked,DOI/publisher metadata cross-checked against the BibTeX record; full-text reading is not implied by this ledger,2026-09-16,Bibliographic metadata checked; cited only for the specific manuscript claim
chen2009,Parametric Trace Slicing and Monitoring,2009,https://doi.org/10.1007/978-3-642-00768-2_23,publisher_metadata_cross_checked,DOI/publisher metadata cross-checked against the BibTeX record; full-text reading is not implied by this ledger,2026-09-16,Bibliographic metadata checked; cited only for the specific manuscript claim
reger2018,A Taxonomy for Classifying Runtime Verification Tools,2018,https://doi.org/10.1007/978-3-030-03769-7_14,publisher_metadata_cross_checked,DOI/publisher metadata cross-checked against the BibTeX record; full-text reading is not implied by this ledger,2026-09-16,Bibliographic metadata checked; cited only for the specific manuscript claim
bartocci2018book,Lectures on Runtime Verification: Introductory and Advanced Topics,2018,https://doi.org/10.1007/978-3-319-75632-5,publisher_metadata_cross_checked,DOI/publisher metadata cross-checked against the BibTeX record; full-text reading is not implied by this ledger,2026-09-16,Bibliographic metadata checked; cited only for the specific manuscript claim
basin2015,Monitoring Metric First-Order Temporal Properties,2015,https://doi.org/10.1145/2699444,publisher_metadata_cross_checked,DOI/publisher metadata cross-checked against the BibTeX record; full-text reading is not implied by this ledger,2026-09-16,Bibliographic metadata checked; cited only for the specific manuscript claim
barringer2010,Rule Systems for Run-Time Monitoring: From {EAGLE} to {RuleR},2010,https://doi.org/10.1093/logcom/exn076,publisher_metadata_cross_checked,DOI/publisher metadata cross-checked against the BibTeX record; full-text reading is not implied by this ledger,2026-09-16,Bibliographic metadata checked; cited only for the specific manuscript claim
dwyer1999,Patterns in Property Specifications for Finite-State Verification,1999,https://doi.org/10.1145/302405.302672,publisher_metadata_cross_checked,DOI/publisher metadata cross-checked against the BibTeX record; full-text reading is not implied by this ledger,2026-09-16,Bibliographic metadata checked; cited only for the specific manuscript claim
colombo2008,Dynamic Event-Based Runtime Monitoring of Real-Time and Contextual Properties,2009,https://doi.org/10.1007/978-3-642-03240-0_13,publisher_metadata_cross_checked,DOI/publisher metadata cross-checked against the BibTeX record; full-text reading is not implied by this ledger,2026-09-16,Bibliographic metadata checked; cited only for the specific manuscript claim
falcone2012,What Can You Verify and Enforce at Runtime?,2012,https://doi.org/10.1007/s10009-011-0196-8,publisher_metadata_cross_checked,DOI/publisher metadata cross-checked against the BibTeX record; full-text reading is not implied by this ledger,2026-09-16,Bibliographic metadata checked; cited only for the specific manuscript claim
moore1956,Gedanken-Experiments on Sequential Machines,1956,https://doi.org/10.1515/9781400882618-006,publisher_metadata_cross_checked,DOI/publisher metadata cross-checked against the BibTeX record; full-text reading is not implied by this ledger,2026-09-16,Paper-level reading scope and reuse boundary are recorded in calibration-matrix.csv
myhill1957,Finite Automata and the Representation of Events,1957,https://search.worldcat.org/search?q=ti%3AFinite+Automata+and+the+Representation+of+Events+au%3AMyhill,bibliographic_catalog_cross_checked,"report number, institution, year, and page range cross-checked against library/catalogue records and later bibliographies",2026-09-16,Bibliographic metadata checked; cited only for the specific manuscript claim
nerode1958,Linear Automaton Transformations,1958,https://doi.org/10.1090/S0002-9939-1958-0135681-9,publisher_metadata_cross_checked,DOI/publisher metadata cross-checked against the BibTeX record; full-text reading is not implied by this ledger,2026-09-16,Bibliographic metadata checked; cited only for the specific manuscript claim
hopcroft1971,An $n\log n$ Algorithm for Minimizing States in a Finite Automaton,1971,https://doi.org/10.1016/B978-0-12-417750-5.50022-1,publisher_metadata_cross_checked,DOI/publisher metadata cross-checked against the BibTeX record; full-text reading is not implied by this ledger,2026-09-16,Bibliographic metadata checked; cited only for the specific manuscript claim
karp1972,Reducibility among Combinatorial Problems,1972,https://doi.org/10.1007/978-1-4684-2001-2_9,publisher_metadata_cross_checked,DOI/publisher metadata cross-checked against the BibTeX record; full-text reading is not implied by this ledger,2026-09-16,Bibliographic metadata checked; cited only for the specific manuscript claim
chvatal1979,A Greedy Heuristic for the Set-Covering Problem,1979,https://doi.org/10.1287/moor.4.3.233,publisher_metadata_cross_checked,DOI/publisher metadata cross-checked against the BibTeX record; full-text reading is not implied by this ledger,2026-09-16,Bibliographic metadata checked; cited only for the specific manuscript claim
garey1979,Computers and Intractability: A Guide to the Theory of NP-Completeness,1979,https://openlibrary.org/books/OL18435202M/Computers_and_intractability,bibliographic_catalog_cross_checked,"author, title, publisher, and 1979 edition cross-checked against library catalogues",2026-09-16,Bibliographic metadata checked; cited only for the specific manuscript claim
berge1989,Hypergraphs: Combinatorics of Finite Sets,1989,https://www.sciencedirect.com/bookseries/north-holland-mathematical-library/vol/45/suppl/C,publisher_metadata_cross_checked,North-Holland volume 45 publisher metadata and 1989 edition cross-checked,2026-09-16,Bibliographic metadata checked; cited only for the specific manuscript claim
lawler1976,Combinatorial Optimization: Networks and Matroids,1976,https://search.worldcat.org/title/Combinatorial-optimization-%3A-networks-and-matroids/oclc/2189076,bibliographic_catalog_cross_checked,"author, title, publisher, and 1976 edition cross-checked against WorldCat",2026-09-16,Bibliographic metadata checked; cited only for the specific manuscript claim
reiter1987,A Theory of Diagnosis from First Principles,1987,https://doi.org/10.1016/0004-3702(87)90062-2,publisher_metadata_cross_checked,DOI/publisher metadata cross-checked against the BibTeX record; full-text reading is not implied by this ledger,2026-09-16,Bibliographic metadata checked; cited only for the specific manuscript claim
junker2004,{QuickXPlain}: Preferred Explanations and Relaxations for Over-Constrained Problems,2004,https://aaai.org/Library/AAAI/2004/aaai04-027.php,official_archive_cross_checked,official AAAI proceedings record and paper cross-checked,2026-09-16,Bibliographic metadata checked; cited only for the specific manuscript claim
zeller2002,Simplifying and Isolating Failure-Inducing Input,2002,https://doi.org/10.1109/32.988498,publisher_metadata_cross_checked,DOI/publisher metadata cross-checked against the BibTeX record; full-text reading is not implied by this ledger,2026-09-16,Bibliographic metadata checked; cited only for the specific manuscript claim
groce2003,What Went Wrong: Explaining Counterexamples,2003,https://doi.org/10.1007/3-540-44829-2_8,publisher_metadata_cross_checked,DOI/publisher metadata cross-checked against the BibTeX record; full-text reading is not implied by this ledger,2026-09-16,Bibliographic metadata checked; cited only for the specific manuscript claim
rahm2001,A Survey of Approaches to Automatic Schema Matching,2001,https://doi.org/10.1007/s007780100057,publisher_metadata_cross_checked,DOI/publisher metadata cross-checked against the BibTeX record; full-text reading is not implied by this ledger,2026-09-16,Bibliographic metadata checked; cited only for the specific manuscript claim
curino2008,Schema Evolution in Wikipedia: Toward a Web Information System Benchmark,2008,https://doi.org/10.5220/0001713003230332,publisher_metadata_cross_checked,DOI/publisher metadata cross-checked against the BibTeX record; full-text reading is not implied by this ledger,2026-09-16,Bibliographic metadata checked; cited only for the specific manuscript claim
curino2013,Automating the Database Schema Evolution Process,2013,https://doi.org/10.1007/s00778-012-0302-x,publisher_metadata_cross_checked,DOI/publisher metadata cross-checked against the BibTeX record; full-text reading is not implied by this ledger,2026-09-16,Bibliographic metadata checked; cited only for the specific manuscript claim
klettke2015,Schema Extraction and Structural Outlier Detection for {JSON}-Based {NoSQL} Data Stores,2015,https://dl.gi.de/items/51feb08c-bb3d-4ae5-9d54-d3add860737a,official_archive_cross_checked,GI Digital Library record and proceedings PDF cross-checked,2026-09-16,Bibliographic metadata checked; cited only for the specific manuscript claim
meyer1992,Applying ``Design by Contract'',1992,https://doi.org/10.1109/2.161279,publisher_metadata_cross_checked,DOI/publisher metadata cross-checked against the BibTeX record; full-text reading is not implied by this ledger,2026-09-16,Bibliographic metadata checked; cited only for the specific manuscript claim
hoare1969,An Axiomatic Basis for Computer Programming,1969,https://doi.org/10.1145/363235.363259,publisher_metadata_cross_checked,DOI/publisher metadata cross-checked against the BibTeX record; full-text reading is not implied by this ledger,2026-09-16,Bibliographic metadata checked; cited only for the specific manuscript claim
liskov1994,A Behavioral Notion of Subtyping,1994,https://doi.org/10.1145/197320.197383,publisher_metadata_cross_checked,DOI/publisher metadata cross-checked against the BibTeX record; full-text reading is not implied by this ledger,2026-09-16,Bibliographic metadata checked; cited only for the specific manuscript claim
buneman2001,Why and Where: A Characterization of Data Provenance,2001,https://doi.org/10.1007/3-540-44503-X_20,publisher_metadata_cross_checked,DOI/publisher metadata cross-checked against the BibTeX record; full-text reading is not implied by this ledger,2026-09-16,Bibliographic metadata checked; cited only for the specific manuscript claim
cheney2009,"Provenance in Databases: Why, How, and Where",2009,https://doi.org/10.1561/1900000006,publisher_metadata_cross_checked,DOI/publisher metadata cross-checked against the BibTeX record; full-text reading is not implied by this ledger,2026-09-16,Bibliographic metadata checked; cited only for the specific manuscript claim
