cohort,citation_key,work,venue_year,motivating_problem,organizing_principle,proof_or_performance_argument,practical_connection,evaluation_breadth,artifact_strength,narrative_sequence,bibliography_profile,figure_table_roles,reuse_boundary,reading_scope,source_locator
TSE calibration,peters2002,Requirements-Based Monitors for Real-Time Systems,IEEE TSE 2002,How monitors should judge real-time behavior despite imperfect observation,"Derive monitor meaning from requirements and distinguish target, environment, and observation",Formal definitions and analysis of false positive/negative reports,Safety-critical monitoring motivates stating what a monitor verdict can and cannot establish,Worked formal cases and monitor-design analysis,No project artifact used,requirements problem → formal model → monitor construction → report interpretation,Focused foundations plus monitoring literature,Environment/monitor diagrams carry the semantic boundary,Use boundary discipline; do not reuse formulas as a novelty claim,"Full-text source inspected; problem, definitions, core argument, examples, and conclusions; bibliographic metadata cross-checked",https://doi.org/10.1109/32.988496
TSE calibration,delgado2004,A Taxonomy and Catalog of Runtime Software-Fault Monitoring Tools,IEEE TSE 2004,Fragmented runtime-fault monitoring terminology and tool designs,"Separate specification, monitoring mechanism, and event handling",Taxonomy justified through a structured tool catalogue,"Shows that a monitor contract includes event acquisition and response, not only a predicate",Cross-tool catalogue rather than controlled experiment,No bundled artifact,motivation → taxonomy dimensions → catalogue → comparison → gaps,Broad tool and dependability literature,Taxonomy tables do most comparative work,"Use decomposition pattern, not the catalogue as evidence for our theorem","Full-text source inspected; taxonomy axes, catalogue structure, comparison, and threats; bibliographic metadata cross-checked",https://doi.org/10.1109/TSE.2004.91
TSE calibration,ernst2001,Dynamically Discovering Likely Program Invariants to Support Program Evolution,IEEE TSE 2001,Useful invariants are rarely written and become salient during evolution,"Infer candidate invariants from execution traces, then treat them as likely rather than proved",Algorithm/implementation plus applications to derived and evolving programs,Evolution case demonstrates how trace-derived information can support a later task while retaining uncertainty,Multiple target programs and input-distribution sensitivity,Daikon implementation described and made available by authors,problem → inference design → examples → evaluation → limitations/related work,Extensive dynamic-analysis and testing bibliography,Program examples and result tables connect abstraction to use,Use calibrated claim language and evaluation narrative; no inference algorithm reused,"Full-text source inspected; algorithm, evaluation cases, sensitivity discussion, and conclusions; bibliographic metadata cross-checked",https://doi.org/10.1109/32.908957
TSE calibration,basin2013,Monitoring Data Usage in Distributed Systems,IEEE TSE 2013,"Usage-control policies refer to distributed, incomplete event observations",Compile policy monitoring to a distributed setting with explicit observability assumptions,"Formal semantics, correctness properties, and implementation evaluation",Highlights that missing events change what can be concluded—a close boundary to retained-history loss,Policy/trace experiments and implementation measurements,MONPOLY lineage; no code copied,policy need → formal model → algorithm → correctness → evaluation,"Runtime verification, security, and policy literature",Architecture and evaluation plots separate semantics from cost,Use explicit observation assumptions; no distributed-monitor mechanism reused,"Full-text source inspected; semantics, correctness, monitoring architecture, evaluation, and limitations; bibliographic metadata cross-checked",https://doi.org/10.1109/TSE.2013.18
TSE calibration,cinque2013,Event Logs for the Analysis of Software Failures: A Rule-Based Approach,IEEE TSE 2013,Operational logs are voluminous and weakly structured for failure analysis,Turn domain knowledge into rules over event logs,Rule method supported by failure datasets and comparative analysis,Connects retained evidence to diagnosability and makes log content an engineering design choice,Multiple systems/failure cases and rule effectiveness,Dataset/tool details described; no inputs redistributed here,logging problem → rule method → case studies → implications,"Dependability, diagnosis, and logging literature",Failure tables and rule examples ground the method,Use evidence-retention motivation; no failure-diagnosis claim made,"Full-text source inspected; method, datasets, evaluation, and threats; bibliographic metadata cross-checked",https://doi.org/10.1109/TSE.2012.67
TSE calibration,kim2018,Data Scientists in Software Teams: State of the Art and Challenges,IEEE TSE 2018,Data scientists and software engineers face organizational/tooling friction,"Empirically characterize roles, workflows, and unmet tooling needs",Qualitative and quantitative evidence from practitioners,"Supports treating data/monitor declarations as software-maintenance artifacts, not only mathematical objects",Interviews/survey evidence across industrial teams,Study materials discussed; no participant data used,practice motivation → study design → findings → implications,Software engineering and data-science practice literature,Role/workflow figures organize qualitative findings,Use practice framing only; no production prevalence inferred for our specific failure mode,"Full-text source inspected; study design, findings, threats, and presentation structure; bibliographic metadata cross-checked",https://doi.org/10.1109/TSE.2017.2754374
TSE calibration,wan2021,How Does Machine Learning Change Software Development Practices?,IEEE TSE 2021,"ML development changes activities, roles, and quality practices",Empirical comparison of ML and non-ML development work,Survey/interview-style empirical argument with explicit threats,Supports locating monitoring and data evolution inside broader lifecycle change,Multi-practice empirical analysis,No artifact reused,research questions → method → findings by lifecycle area → implications/threats,SE-for-ML literature,Finding tables map questions to evidence,Use lifecycle context; no claim that respondents need this exact tool,"Full-text source inspected; method, findings, threats, and conclusions; bibliographic metadata cross-checked",https://doi.org/10.1109/TSE.2019.2937083
TSE calibration,zhang2022,"Machine Learning Testing: Survey, Landscapes and Horizons",IEEE TSE 2022,"ML testing evidence is scattered across properties, components, and methods","Organize the field by testing object, property, and technique",Systematic survey and research agenda,Helps distinguish monitor-state preservation from model-accuracy/testing claims,Large literature synthesis; no new benchmark result,Survey data and classifications described,scope → taxonomy → landscape → challenges/horizons,"Large, relevance-organized bibliography",Taxonomy diagrams/tables compress breadth,Use exclusion taxonomy and terminology; do not claim an ML-testing result,"Full-text source inspected; taxonomy, evidence organization, limitations, and figure/table roles; bibliographic metadata cross-checked",https://doi.org/10.1109/TSE.2019.2962027
TSE calibration,wang2023,Machine/Deep Learning for Software Engineering: A Systematic Literature Review,IEEE TSE 2023,Need a consolidated account of ML/DL methods used in SE,Systematic protocol and mapping across SE tasks,"Review protocol, classification, and trend analysis",Calibrates how TSE reports systematic selection and separates research evidence from agenda,Large screened corpus with category/trend analyses,Review materials described,protocol → corpus → taxonomy/results → implications/threats,Very broad bibliography,Flow/table/heatmap roles are explicitly separated,Use review-reporting discipline; not evidence that our formulation is novel,"Full-text source inspected; protocol, synthesis, threats, and narrative sequence; bibliographic metadata cross-checked",https://doi.org/10.1109/TSE.2022.3173346
TSE calibration,gu2023,Logging Practices in Software Engineering: A Systematic Mapping Study,IEEE TSE 2023,Logging knowledge is dispersed across purposes and lifecycle stages,"Map logging practices, problems, and solutions with reproducible screening",Systematic mapping protocol and categorized evidence,Directly informs the retention-cost and change-control discussion without equating logs with summaries,Large screened logging corpus and structured research questions,Mapping data described,motivation → method → mapped findings → agenda/threats,Broad logging bibliography,Taxonomy and trend tables anchor claims,Use logging lifecycle context; no empirical prevalence claim imported,"Full-text source inspected; protocol, findings, taxonomy, and threats; bibliographic metadata cross-checked",https://doi.org/10.1109/TSE.2022.3166924
TSE calibration,torres2023,Runtime Verification of Crypto APIs: An Empirical Study,IEEE TSE 2023,Misuses of security APIs may be detected from execution events,Define runtime properties and empirically study monitoring on real programs,Property engineering plus empirical study,Shows a venue-native path from formal properties to software artifacts and bounded evidence,Real projects/properties with explicit empirical questions,Tool and study materials described by authors; not reused,domain risk → properties/tool → empirical protocol → results/threats,Security API and runtime-verification literature,Pipeline figures and result tables connect formal and empirical layers,Use formal-to-artifact narrative pattern; no security effectiveness claim transferred,"Full-text source inspected; properties, tool design, evaluation, threats, and artifact discussion; bibliographic metadata cross-checked",https://doi.org/10.1109/TSE.2023.3301660
TSE calibration,caldas2024,Runtime Verification and Field-Based Testing for ROS-Based Robotic Systems,IEEE TSE 2024,Robotic systems need monitoring across simulation and field executions,Integrate runtime verification with a concrete system/testing lifecycle,Architecture plus empirical field/simulation evaluation,Calibrates how strong practical claims require actual system evidence—which this project explicitly lacks,"ROS systems, properties, and field-based experiments",Toolchain/artifact described; not reused,system need → approach → implementation → field evaluation → threats,"Robotics, testing, and RV literature",Architecture and empirical plots carry complementary claims,Use boundary/limitations calibration; no robotics or field claim made,"Full-text source inspected; system context, design, evaluation, threats, and limitations; bibliographic metadata cross-checked",https://doi.org/10.1109/TSE.2024.3444697
Influential/foundational,overton2019,Overton: A Data System for Monitoring and Improving Machine-Learned Products,arXiv/Apple 2019,"Maintaining ML products requires declarations, slices, supervision, and monitoring",Represent product behavior through declarative schemas and supervision signals,"System architecture and production-experience evidence, not a monitor-migration theorem",Primary project lineage for declarative monitored-product evolution,Several product case descriptions and system measurements,Public paper; no Overton code or private data used,product maintenance problem → abstractions → system → experience,ML systems/data management bibliography,"Architecture figures separate supervision, model, and monitoring",Reuse problem framing only; new retention theorem and implementation are independent,Full-text source inspected; exact source role recorded; bibliographic metadata cross-checked,https://arxiv.org/pdf/1909.05372
Influential/foundational,breck2019,Data Validation for Machine Learning,SysML 2019,Training/serving data can violate expectations without schema errors,Learn and enforce data constraints across pipeline stages,System design and public/industrial examples,Motivates finite predicates for data-quality monitors while our work targets later evolution,Multiple validation scenarios; not a retention study,TensorFlow Data Validation described; no implementation imported,data failures → constraints → system → cases/lessons,Data-management and ML-systems bibliography,Examples/tables clarify constraint types,Use monitor examples only; no equivalence or performance claim borrowed,"Full-text source inspected; constraint model, workflow, examples, and limitations; bibliographic metadata cross-checked",https://proceedings.mlsys.org/paper_files/paper/2019/hash/928f1160e52192e3e0017fb63ab65391-Abstract.html
Influential/foundational,schelter2018,Automating Large-Scale Data Quality Verification,PVLDB 2018,Large-scale datasets need automated quality verification,Declarative analyzers/constraints and incremental computation,System algorithm plus large-scale evaluation,"Motivates summary atoms and data-quality declarations, while not solving future monitor replay",Datasets and scale experiments,Deequ system described; no code embedded,quality problem → API/algorithms → evaluation → deployment lessons,"Data quality, distributed processing, and testing literature",Architecture/performance plots support implementation claims,Use concrete primitive motivation; no large-scale claim for this artifact,"Full-text source inspected; abstractions, algorithms, evaluation, and limitations; bibliographic metadata cross-checked",https://doi.org/10.14778/3229863.3229867
Influential/foundational,sculley2015,Hidden Technical Debt in Machine Learning Systems,NeurIPS 2015,ML systems accumulate costly dependencies outside model code,Name and organize system-level debt patterns,Experience-backed conceptual argument,Supports treating data dependencies and monitoring contracts as evolution liabilities,Illustrative production patterns rather than controlled experiment,No artifact,problem framing → debt patterns → mitigations → agenda,ML systems and software engineering references,Conceptual diagrams organize dependency types,Use vocabulary/context only; no prevalence or causal claim imported,"Full-text source inspected; debt categories, examples, mitigations, and limits; bibliographic metadata cross-checked",https://papers.nips.cc/paper_files/paper/2015/file/86df7dcfd896fcaf2674f757a2463eba-Paper.pdf
Influential/foundational,moore1956,Gedanken-Experiments on Sequential Machines,Automata Studies 1956,When can experiments distinguish states of a sequential machine?,Characterize behavior through future observations rather than state names,Mathematical definitions and distinguishability results,Direct formal foundation for future equivalence and shortest distinguishing suffixes,"Theoretical examples, no software experiment",No code,definitions → experiments/distinguishability → consequences,Foundational automata literature,State diagrams illustrate distinctions,Explicitly credited foundation; not presented as a novel theorem,"Full-text source inspected; definitions, distinguishability argument, and examples; bibliographic metadata cross-checked",https://doi.org/10.1515/9781400882618-006
Adjacent venue,carwehl2023,Runtime Verification of Self-Adaptive Systems with Changing Requirements,SEAMS 2023,Runtime requirements change while an observer already has progress state,Patterns adapt runtime-verification components across requirement changes,Architecture/pattern argument with prototype-style validation,Closest software-evolution neighbor; focuses adapting active monitors rather than choosing retained historical summaries,Scenario/pattern evaluation,Tool/pattern artifacts described; not imported,changing requirements → adaptation patterns → implementation/evaluation,Self-adaptive systems and RV literature,Architecture diagrams express change points,Novelty delta: our planned-update retention selection precedes update and proves replay sufficiency,"Full-text source inspected; problem, patterns, semantics, evaluation, and threats; bibliographic metadata cross-checked",https://doi.org/10.1109/SEAMS59076.2023.00024
Adjacent venue,dynsrv2026,DynSRV: Dynamically Updated Properties for Stream Runtime Verification,Runtime Verification 2026,A streaming property may be replaced and require information from the past,Formalize dynamic properties and compare storage policies for history dependency,"Definitions, theorem, implementation/experiments",Strongest close work on missing historical dependencies; invalidates any broad claim that this issue is newly discovered,Storage-policy and runtime experiments,Prototype described; no code copied,problem/examples → semantics → history condition → implementation/evaluation,Runtime-verification and stream-monitoring literature,Examples and policy figures make update semantics concrete,Novelty delta: optimize a candidate summary portfolio jointly across a declared update family; no claim to invent dynamic-property history dependence,"Full-text source inspected; Definitions 6–8, Theorem 1, storage policies, experiments, and limitations; bibliographic metadata cross-checked",https://doi.org/10.1007/978-3-032-05435-7_7
Adjacent venue,pedregal2023,A Stream Runtime Verification Tool with Nested and Retroactive Parametrization,Runtime Verification 2023,Late information or changed parameters can require revisiting past events,Retroactively evaluate parameterized properties over stored traces/indexes,Formal algorithms and evaluation,Contrasts log/index retention with summary-only exact replay,Trace/parameter experiments,Research prototype described; not reused,retroactivity problem → semantics/algorithms → evaluation,Parametric RV and databases,Algorithm diagrams/tables separate complexity and performance,Use as replay/log baseline; our model assumes raw history unavailable,"Full-text source inspected; semantics, algorithms, evaluation, and limitations; bibliographic metadata cross-checked",https://doi.org/10.1007/978-3-031-44267-4_19
Adjacent venue,bartocci2012,Adaptive Runtime Verification,Runtime Verification 2012,Monitoring cost and system conditions vary at runtime,Adapt monitoring configuration while preserving useful observations,Architecture/algorithms with case-style evaluation,"Neighbor for adaptive monitoring, but does not solve pre-update retention portfolio synthesis",Prototype/case evaluation,Tool described; not reused,motivation → adaptive architecture → policies → evaluation,RV and adaptive systems literature,Control-loop diagrams emphasize runtime adaptation,Use distinction between adapting monitoring effort and preserving replay information,"Full-text source inspected; architecture, adaptation logic, evaluation, and limits; bibliographic metadata cross-checked",https://doi.org/10.1007/978-3-642-35632-2_18
Adjacent venue,demir2026,Multi-Property Temporal Logic Monitoring,FMCAD 2026,Many temporal properties share event-processing work,Exploit shared structure across a property family,Formal algorithm and experimental comparison,"Closest optimization analogy: joint planning can exploit cross-property sharing, but target is monitoring computation rather than historical retention",Multi-property benchmark evaluation,Implementation described; not reused,shared-work problem → algorithm → correctness/performance,Temporal logic and runtime monitoring literature,Performance tables/plots quantify sharing,Use joint-family motivation only; different objective and artifacts,"Full-text source inspected; problem, algorithm, correctness argument, experiments, and limits; bibliographic metadata cross-checked",https://doi.org/10.34727/2026/isbn.978-3-85448-093-8_27
