claim_id,claim,maturity,paper_or_proof,tests_or_checker,experiment_or_runner,raw_result,figure_or_table,evidence_interpretation,fresh_recheck
C1,"The delivered declaration language has closed object schemas, explicit in-range integer initials, exact typed eq/ne/in set semantics, Boolean-only suffix windows, and guarded finite allocations",specified and finite-checked,Main: Surface Language and Guarded Scope; Supplement: Declaration Language; artifact/language.md,tests/test_requested_repairs.py; tests/test_portfolio.py; drift_contracts/dsl_reference.py,tools/check_language.py,results/language-check.json,fig:workflow; tab:validation,"The language definition is a bounded JSON fragment, not a TFDV/SQL/Python front end","2026-09-25: 1,272 atom/monitor/output/initial/empty-history checks; zero mismatch"
C2,Compilation preserves the direct trace semantics of every supported primitive and monitor form,proved; implementation finite-checked,Main: Trace preservation (thm:compiler); Supplement: Declaration Language; proofs/portfolio.md,test_all_declarations_match_independent_language_semantics; test_reference_checks_atom_and_target_initial_and_empty_history,tools/check_language.py,results/language-check.json,tab:validation,Written induction proof plus a separately implemented finite interpreter; not proof-assistant checked,2026-09-25: 12 declarations; zero compiler/reference mismatch
C3,"A portfolio is safe for all planned updates iff it hits every history-pair separator; if a zero separator exists, the mathematical minimal basis is exactly {empty}",proved; implementation finite-checked,Main: Exact hitting criterion (thm:hitting); Supplement: Obstruction Basis and Exact Synthesis; proofs/portfolio.md,test_empty_separator_has_the_mathematical_minimal_basis_only; complete catalogue tests,tools/portfolio_campaign.py,results/portfolio/unary-catalogue.csv; results/portfolio/binary-catalogue.csv; results/portfolio/example-certificates.json,fig:obstruction; tab:validation,General finite proof; complete bounded catalogue checks corroborate the implementation,"2026-09-25: 98,304 portfolio masks; zero safety mismatch"
C4,"A candidate catalogue is infeasible exactly when the all-atom portfolio is unsafe, witnessed by a replayable zero separator",proved; finite-checked,Main: Catalogue feasibility (cor:zero); Supplement: Certificate Schemas and Verification; proofs/portfolio.md,test_infeasible_catalogue_has_replayable_zero_separator; test_valid_scientific_negative_diagnosis_is_success,tools/portfolio_campaign.py,results/portfolio/example-certificates.json; results/portfolio/mutation-results.csv; results/portfolio/summary.json,fig:obstruction; tab:mutations,Old-optimum failure is not accepted as catalogue infeasibility; all-mask safety and zero-separator replay are checked independently,2026-09-25: 172 mutant catalogue-infeasibility outcomes; zero evidence failures
C5,Minimum-cost safe retention is minimum-weight hitting set over the obstruction basis under cost/cardinality/mask tie order,proved; finite-checked,Main: Cost optimality (thm:optimal); Supplement: Obstruction Basis and Exact Synthesis; proofs/portfolio.md,test_optimal_certificate_rejects_cheaper_unsafe_claim; complete catalogue tests,tools/portfolio_campaign.py,results/portfolio/summary.json; results/portfolio/example-certificates.json,tab:decl1; tab:decl2; tab:validation,The reduction is mathematical; the exact bounded implementation is compared with exhaustive subset enumeration,"2026-09-25: 20,480 problems; zero optimizer mismatch"
C6,A safe portfolio induces a well-defined map from every reachable selected-summary fibre to a target future-equivalence class,proved; finite-checked,Main: Constructive migration (prop:migration); Supplement: Certificate Schemas and Verification; proofs/portfolio.md,test_optimal_certificate_carries_replayable_migration_maps; migration-map tampering test,tools/portfolio_campaign.py,results/portfolio/example-certificates.json,none,The certificate covers reachable fibres only; totalization on unreachable tuples is outside the contract,2026-09-25: all named positive certificates verified
C7,"For a fixed unsafe portfolio, the producer returns a globally minimum total-event paired replay certificate",proved; unary minimum finite-checked,Main: Minimum replay certificate (thm:witness); Supplement: Minimum Replay Certificates; proofs/portfolio.md,test_unsafe_certificate_rejects_tampering; unary direct-word oracle test,tools/portfolio_campaign.py,results/portfolio/unary-catalogue.csv; results/portfolio/example-certificates.json,fig:obstruction; tab:validation,Replay validity is independently checked for all certificates; global minimum is directly cross-checked in the complete unary catalogue,2026-09-25: zero minimum-witness mismatch and zero certificate failure
C8,"The complete finite protocol uses exactly three two-state unary atoms and a fixed two-state binary subspace, identified by full labelled tables",finite-checked,Main: Evaluation / Protocol and Controls; Supplement: Exact Portfolio Catalogues; artifact/protocol.md,test_unary_catalogue_prefix_matches_independent_checker; test_binary_catalogue_count_and_prefix; test_raw_records_reconcile_to_shipped_summaries,tools/portfolio_campaign.py,results/portfolio/unary-catalogue.csv; results/portfolio/binary-catalogue.csv; results/portfolio/summary.json,tab:validation,"Completeness applies only to the declared 4,096-case unary space and 16,384-case fixed binary subspace","2026-09-25: 20,480 problems and 98,304 masks independently recounted"
C9,"Across twelve named declarations, eleven are initially feasible; family-wise exact synthesis beats per-update union in three cases and greedy in one",measured exact finite result,"Main: Evaluation / RQ3: Portfolio Effects; Supplement: Named Declarations, Mutations, and Additional Controls; artifact/protocol.md",test_threshold_family_global_sharing; test_weighted_greedy_counterexample,tools/portfolio_campaign.py,results/portfolio/example-results.json; results/portfolio/example-certificates.json,tab:decl1; tab:decl2,Constructed bounded declarations; no claim of workload prevalence or average savings,2026-09-25: union suboptimal in 3; greedy suboptimal in 1; all certificates valid
C10,The marginal-only and joint-summary controls use the same two-disagreement target and differ only by the added joint disagreement counter,finite-checked control,"Main: An Infeasible Marginals Catalogue and Case-Level Interpretation; Supplement: Named Declarations, Mutations, and Additional Controls; artifact/source-notes.md",test_joint_control_changes_only_the_candidate_catalogue,tools/portfolio_campaign.py,declarations/marginals-only-infeasible.json; declarations/joint-marginals.json; results/portfolio/example-results.json,fig:obstruction; tab:decl1; tab:decl2,"This supports a single-factor candidate-catalogue interpretation, not a general causal study",2026-09-25: schemas and targets equal; marginal atoms are an exact prefix of the joint catalogue
C11,"The label-field-rename case is only a field-name mapping with identical pre/post predicate truth tables, not a label-function rule change",specified and finite-checked,"Main: Surface Language and Guarded Scope and Case-Level Interpretation; Supplement: Named Declarations, Mutations, and Additional Controls; artifact/source-notes.md",test_compiled_trace_matches_hand_calculation; language reference check,tools/check_language.py; tools/portfolio_campaign.py,declarations/label-field-rename.json; results/language-check.json; results/portfolio/example-results.json,tab:decl1; tab:decl2,The manuscript deliberately withdraws the stronger label-revision interpretation,2026-09-25: renamed asset and narrowed claim checked
C12,The one-cell mutation campaign redirects each transition cell once cyclically or flips one output bit and deduplicates by complete labelled update tables,measured exact finite campaign,"Main: Evaluation / RQ4: Mutation Sensitivity; Supplement: Named Declarations, Mutations, and Additional Controls; artifact/protocol.md",mutation certificate and all-mask tests; test_raw_records_reconcile_to_shipped_summaries,tools/portfolio_campaign.py,results/portfolio/mutation-results.csv; results/portfolio/summary.json,tab:mutations,"Mutation proportions are fault-detection results for the shipped declarations, not production probabilities",2026-09-25: 571 mutants; 188 old masks unsafe; 172 catalogues infeasible; +15/-41 costs; zero certificate/evidence failure
C13,Fixed-seed generated finite problems agree with independent safety and exhaustive-optimum checks,finite-checked,"Main: Evaluation / Protocol and Controls and RQ2: Exact Safety, Optimality, and Certificates; Supplement: Fixed-Seed Generated Problems; docs/benchmark-overfitting-and-generalization.md",test_random_differential_inputs_and_results_are_deterministic; test_raw_records_reconcile_to_shipped_summaries,tools/random_differential.py,results/random-differential/problems.jsonl; results/random-differential/cases.csv; results/random-differential/summary.json,tab:validation,Deterministic fault detection only; not a statistical generalization estimate,"2026-09-25: seed 20260915; 256 problems; 2,348 masks; zero mismatch/failure"
C14,One-at-a-time integer cost perturbations document sensitivity of the declared policy costs,measured exact finite sensitivity,Main: Evaluation / RQ3: Portfolio Effects; Supplement: Cost Sensitivity; docs/benchmark-overfitting-and-generalization.md,test_cost_sensitivity_has_real_inputs_and_verified_results; test_raw_records_reconcile_to_shipped_summaries,tools/cost_sensitivity.py,results/cost-sensitivity/inputs.json; results/cost-sensitivity/variations.csv; results/cost-sensitivity/summary.json,tab:validation,"Costs are declared policy inputs, not measured storage bytes or latency",2026-09-25: 79 perturbations; 34 numeric optimum changes; 1 selected-mask change; zero certificate failure
C15,A pinned public TFX penguin schema is projected through a narrow required-field-presence front end,finite-checked provenance control,Main: Evaluation / Protocol and Controls and RQ3: Portfolio Effects; Supplement: Pinned Public-Schema Projection; artifact/source-notes.md,test_pinned_tfx_source_digest_and_projection,tools/tfx_projection.py,external/tfx-penguin/schema.pbtxt; external/tfx-penguin/SOURCE.json; external/tfx-penguin/LICENSE-Apache-2.0.txt; results/tfx-projection/projected-declaration.json; results/tfx-projection/projection-map.json; results/tfx-projection/certificate.json; results/tfx-projection/result.json,tab:validation,"Only five min_fraction=1.0/min_count=1 constraints are projected; no full TFDV protobuf, TFX runtime, drift, training, or production compatibility claim",2026-09-25: source digest matched; 5 atoms/5 updates; certificate and independent safety passed
C16,The preserved single-summary regression agrees with the independent finite word/map oracle,finite-checked regression,Main: Relationship to the Single-Summary Foundation; Supplement: Single-Summary Migration Regression; proofs/migration.md,tests/test_core.py,tools/campaign.py; tools/summarize.py; tools/counter_family.py,results/summary.json; results/exhaustive/cases-*.csv; results/counter-family/counter-family.csv; results/counter-family/counter-certificates.json,tab:s-legacy; tab:s-grid,"Regression foundation only, not a second novelty claim","2026-09-25: 46,932 cases and 48 counter-family cases; zero oracle disagreement or invalid certificate"
C17,Every quantitative campaign total used in the manuscript reconciles to raw CSV/JSON records,finite-checked audit,Main: Evaluation; Supplement: Reproduction Contract,test_raw_records_reconcile_to_shipped_summaries,unittest suite,results/language-check.json; results/summary.json; results/portfolio/summary.json; results/random-differential/summary.json; results/cost-sensitivity/summary.json; results/tfx-projection/result.json,tab:validation; tab:decl1; tab:decl2; tab:mutations; tab:s-legacy; tab:s-grid,Independent recount within the artifact; not external replication,2026-09-25: all raw-to-summary assertions passed
C18,The supported fresh-output release command reproduces all deterministic scientific records in the checked environment,reproduced,Main: Reproducibility and Resource Interpretation; Supplement: Reproduction Contract; artifact/README.md,66-test suite,tools/release_check.py; tools/reproduce.py,results/release-check.json; results/reproduction.json; results/tests.txt,tab:validation,Timing and RSS are observations and excluded from scientific-record equality; command success is not proof-assistant or independent review,2026-09-25: 66 tests; 28 record comparisons; all bounded commands passed
C19,The bibliography is internally closed and meets the project calibration counts,audited,"Main: Related Work, Novelty Boundary, and Limitations; artifact/source-notes.md",tests/test_bibliography.py,tools/check_references.py,results/bibliography-check.json; bibliography-verification.csv; calibration-matrix.csv,references,68 unique cited entries; no missing/uncited entry or duplicate DOI; metadata ledger is not exhaustive literature proof,2026-09-25: offline audit passed; 12 TSE + 5 influential/foundational + 5 adjacent entries
C20,All claims are limited to finite deterministic design-time analysis,boundary,"Main: Abstract, Limitations and Threats to Validity, and Conclusion; Supplement: Evidence Interpretation, Validity, and Disclosure; artifact/README.md; artifact/language.md; artifact/protocol.md",scope and parser tests,n/a,README.md; language.md; protocol.md,none,"No model training, deployment accuracy, unbounded stream, production throughput, full TFX/TFDV, or acceptance claim","2026-09-25: boundary wording rechecked across paper, supplement, README, and docs"
