name,scholarly_or_official_url,license_or_access_terms,access_date,resource_type,acquisition_method,integration_mode,supported_claim_or_role,internals_modified
Requirements-Based Monitors for Real-Time Systems,https://doi.org/10.1109/32.988496,Publisher/author copyright or stated open-access terms; bibliographic link and inspected copy only; full text not redistributed,2026-09-16,scholarly publication,"public scholarly/publisher, proceedings, archive, or author-hosted source",citation and calibration only,TSE calibration; closest-work boundary and/or writing calibration,no
A Taxonomy and Catalog of Runtime Software-Fault Monitoring Tools,https://doi.org/10.1109/TSE.2004.91,Publisher/author copyright or stated open-access terms; bibliographic link and inspected copy only; full text not redistributed,2026-09-16,scholarly publication,"public scholarly/publisher, proceedings, archive, or author-hosted source",citation and calibration only,TSE calibration; closest-work boundary and/or writing calibration,no
Dynamically Discovering Likely Program Invariants to Support Program Evolution,https://doi.org/10.1109/32.908957,Publisher/author copyright or stated open-access terms; bibliographic link and inspected copy only; full text not redistributed,2026-09-16,scholarly publication,"public scholarly/publisher, proceedings, archive, or author-hosted source",citation and calibration only,TSE calibration; closest-work boundary and/or writing calibration,no
Monitoring Data Usage in Distributed Systems,https://doi.org/10.1109/TSE.2013.18,Publisher/author copyright or stated open-access terms; bibliographic link and inspected copy only; full text not redistributed,2026-09-16,scholarly publication,"public scholarly/publisher, proceedings, archive, or author-hosted source",citation and calibration only,TSE calibration; closest-work boundary and/or writing calibration,no
Event Logs for the Analysis of Software Failures: A Rule-Based Approach,https://doi.org/10.1109/TSE.2012.67,Publisher/author copyright or stated open-access terms; bibliographic link and inspected copy only; full text not redistributed,2026-09-16,scholarly publication,"public scholarly/publisher, proceedings, archive, or author-hosted source",citation and calibration only,TSE calibration; closest-work boundary and/or writing calibration,no
Data Scientists in Software Teams: State of the Art and Challenges,https://doi.org/10.1109/TSE.2017.2754374,Publisher/author copyright or stated open-access terms; bibliographic link and inspected copy only; full text not redistributed,2026-09-16,scholarly publication,"public scholarly/publisher, proceedings, archive, or author-hosted source",citation and calibration only,TSE calibration; closest-work boundary and/or writing calibration,no
How Does Machine Learning Change Software Development Practices?,https://doi.org/10.1109/TSE.2019.2937083,Publisher/author copyright or stated open-access terms; bibliographic link and inspected copy only; full text not redistributed,2026-09-16,scholarly publication,"public scholarly/publisher, proceedings, archive, or author-hosted source",citation and calibration only,TSE calibration; closest-work boundary and/or writing calibration,no
"Machine Learning Testing: Survey, Landscapes and Horizons",https://doi.org/10.1109/TSE.2019.2962027,Publisher/author copyright or stated open-access terms; bibliographic link and inspected copy only; full text not redistributed,2026-09-16,scholarly publication,"public scholarly/publisher, proceedings, archive, or author-hosted source",citation and calibration only,TSE calibration; closest-work boundary and/or writing calibration,no
Machine/Deep Learning for Software Engineering: A Systematic Literature Review,https://doi.org/10.1109/TSE.2022.3173346,Publisher/author copyright or stated open-access terms; bibliographic link and inspected copy only; full text not redistributed,2026-09-16,scholarly publication,"public scholarly/publisher, proceedings, archive, or author-hosted source",citation and calibration only,TSE calibration; closest-work boundary and/or writing calibration,no
Logging Practices in Software Engineering: A Systematic Mapping Study,https://doi.org/10.1109/TSE.2022.3166924,Publisher/author copyright or stated open-access terms; bibliographic link and inspected copy only; full text not redistributed,2026-09-16,scholarly publication,"public scholarly/publisher, proceedings, archive, or author-hosted source",citation and calibration only,TSE calibration; closest-work boundary and/or writing calibration,no
Runtime Verification of Crypto APIs: An Empirical Study,https://doi.org/10.1109/TSE.2023.3301660,Publisher/author copyright or stated open-access terms; bibliographic link and inspected copy only; full text not redistributed,2026-09-16,scholarly publication,"public scholarly/publisher, proceedings, archive, or author-hosted source",citation and calibration only,TSE calibration; closest-work boundary and/or writing calibration,no
Runtime Verification and Field-Based Testing for ROS-Based Robotic Systems,https://doi.org/10.1109/TSE.2024.3444697,Publisher/author copyright or stated open-access terms; bibliographic link and inspected copy only; full text not redistributed,2026-09-16,scholarly publication,"public scholarly/publisher, proceedings, archive, or author-hosted source",citation and calibration only,TSE calibration; closest-work boundary and/or writing calibration,no
Overton: A Data System for Monitoring and Improving Machine-Learned Products,https://arxiv.org/pdf/1909.05372,Author-posted scholarly preprint; linked/read for research; not redistributed,2026-09-16,scholarly publication,"public scholarly/publisher, proceedings, archive, or author-hosted source",citation and calibration only,Influential/foundational; closest-work boundary and/or writing calibration,no
Data Validation for Machine Learning,https://proceedings.mlsys.org/paper_files/paper/2019/hash/928f1160e52192e3e0017fb63ab65391-Abstract.html,Publisher/author copyright or stated open-access terms; bibliographic link and inspected copy only; full text not redistributed,2026-09-16,scholarly publication,"public scholarly/publisher, proceedings, archive, or author-hosted source",citation and calibration only,Influential/foundational; closest-work boundary and/or writing calibration,no
Automating Large-Scale Data Quality Verification,https://doi.org/10.14778/3229863.3229867,Publisher/author copyright or stated open-access terms; bibliographic link and inspected copy only; full text not redistributed,2026-09-16,scholarly publication,"public scholarly/publisher, proceedings, archive, or author-hosted source",citation and calibration only,Influential/foundational; closest-work boundary and/or writing calibration,no
Hidden Technical Debt in Machine Learning Systems,https://papers.nips.cc/paper_files/paper/2015/file/86df7dcfd896fcaf2674f757a2463eba-Paper.pdf,Publisher/author copyright or stated open-access terms; bibliographic link and inspected copy only; full text not redistributed,2026-09-16,scholarly publication,"public scholarly/publisher, proceedings, archive, or author-hosted source",citation and calibration only,Influential/foundational; closest-work boundary and/or writing calibration,no
Gedanken-Experiments on Sequential Machines,https://doi.org/10.1515/9781400882618-006,Publisher/author copyright or stated open-access terms; bibliographic link and inspected copy only; full text not redistributed,2026-09-16,scholarly publication,"public scholarly/publisher, proceedings, archive, or author-hosted source",citation and calibration only,Influential/foundational; closest-work boundary and/or writing calibration,no
Runtime Verification of Self-Adaptive Systems with Changing Requirements,https://doi.org/10.1109/SEAMS59076.2023.00024,Publisher/author copyright or stated open-access terms; bibliographic link and inspected copy only; full text not redistributed,2026-09-16,scholarly publication,"public scholarly/publisher, proceedings, archive, or author-hosted source",citation and calibration only,Adjacent venue; closest-work boundary and/or writing calibration,no
DynSRV: Dynamically Updated Properties for Stream Runtime Verification,https://doi.org/10.1007/978-3-032-05435-7_7,Publisher/author copyright or stated open-access terms; bibliographic link and inspected copy only; full text not redistributed,2026-09-16,scholarly publication,"public scholarly/publisher, proceedings, archive, or author-hosted source",citation and calibration only,Adjacent venue; closest-work boundary and/or writing calibration,no
A Stream Runtime Verification Tool with Nested and Retroactive Parametrization,https://doi.org/10.1007/978-3-031-44267-4_19,Publisher/author copyright or stated open-access terms; bibliographic link and inspected copy only; full text not redistributed,2026-09-16,scholarly publication,"public scholarly/publisher, proceedings, archive, or author-hosted source",citation and calibration only,Adjacent venue; closest-work boundary and/or writing calibration,no
Adaptive Runtime Verification,https://doi.org/10.1007/978-3-642-35632-2_18,Publisher/author copyright or stated open-access terms; bibliographic link and inspected copy only; full text not redistributed,2026-09-16,scholarly publication,"public scholarly/publisher, proceedings, archive, or author-hosted source",citation and calibration only,Adjacent venue; closest-work boundary and/or writing calibration,no
Multi-Property Temporal Logic Monitoring,https://doi.org/10.34727/2026/isbn.978-3-85448-093-8_27,Publisher/author copyright or stated open-access terms; bibliographic link and inspected copy only; full text not redistributed,2026-09-16,scholarly publication,"public scholarly/publisher, proceedings, archive, or author-hosted source",citation and calibration only,Adjacent venue; closest-work boundary and/or writing calibration,no
IEEE Transactions on Software Engineering author information,https://www.computer.org/csdl/journal/ts/write-for-us/15090?title=Author%20Information&periodical=IEEE%20Transactions%20on%20Software%20Engineering,"IEEE Computer Society website terms; workflow source, not a manuscript reference",2026-09-16,official venue rule,public official page plus current first-party policy notices; external use still requires a live human recheck,research-plan rule record only,"venue, length, supplement, and external-use recheck boundary",no
IEEE Template Selector,https://template-selector.ieee.org/,IEEE website terms; template selection service,2026-09-16,official template source,public selector plus supplied matched template archive,unmodified publisher class/style in paper/,IEEE journal submission family,no
IEEEtran class and bibliography styles,https://www.ctan.org/pkg/ieeetran,LaTeX Project Public License; notice retained in paper/licenses/lppl.tex,2026-09-16,publisher/typesetting asset,matched supplied archive and installed TeX distribution,unmodified build assets,IEEE two-column journal layout and references,no
Python 3 standard library,https://docs.python.org/3/,Python Software Foundation License; runtime not redistributed,2026-09-16,software runtime,preinstalled local interpreter,execution dependency only,"reference checker, exact enumeration, tests, and table generation",no
TikZ/PGF,https://ctan.org/pkg/pgf,LaTeX Project Public License/GNU GPL as distributed upstream; package not redistributed,2026-09-16,typesetting package,preinstalled TeX distribution,LaTeX-native figures only,workflow and obstruction diagrams,no
TensorFlow TFX penguin user-provided schema,https://github.com/tensorflow/tfx/blob/cd99075bfad794a3ea9df49ee77f9c06578f895d/tfx/examples/penguin/schema/user_provided/schema.pbtxt,Apache License 2.0; exact pinned file and license redistributed,2026-09-25,public software schema,exact pinned GitHub file included in artifact,narrow presence-constraint projection,Public-source provenance check for five required feature-presence constraints,no
