retained_cap,target_cap,admissible,expected_admissible,minimum_cost,expected_minimum_cost,certificate_valid
1,1,1,1,,,1
1,2,0,0,3,3,1
1,3,0,0,4,4,1
1,4,0,0,5,5,1
1,5,0,0,6,6,1
1,6,0,0,7,7,1
1,7,0,0,8,8,1
1,8,0,0,9,9,1
2,1,1,1,,,1
2,2,1,1,,,1
2,3,0,0,5,5,1
2,4,0,0,6,6,1
2,5,0,0,7,7,1
2,6,0,0,8,8,1
2,7,0,0,9,9,1
2,8,0,0,10,10,1
3,1,1,1,,,1
3,2,1,1,,,1
3,3,1,1,,,1
3,4,0,0,7,7,1
3,5,0,0,8,8,1
3,6,0,0,9,9,1
3,7,0,0,10,10,1
3,8,0,0,11,11,1
4,1,1,1,,,1
4,2,1,1,,,1
4,3,1,1,,,1
4,4,1,1,,,1
4,5,0,0,9,9,1
4,6,0,0,10,10,1
4,7,0,0,11,11,1
4,8,0,0,12,12,1
5,1,1,1,,,1
5,2,1,1,,,1
5,3,1,1,,,1
5,4,1,1,,,1
5,5,1,1,,,1
5,6,0,0,11,11,1
5,7,0,0,12,12,1
5,8,0,0,13,13,1
6,1,1,1,,,1
6,2,1,1,,,1
6,3,1,1,,,1
6,4,1,1,,,1
6,5,1,1,,,1
6,6,1,1,,,1
6,7,0,0,13,13,1
6,8,0,0,14,14,1
