case,alphabet,retained_states,target_states,retained_table,history_table,future_table,output_code,admissible,oracle_admissible,minimum_cost,oracle_minimum_cost,oracle_migration_maps,reachable_pairs,current_only,state_equality,certificate_valid
0,1,1,1,0,0,0,0,1,1,,,1,1,1,1,1
744,1,1,3,0,3,3,6,1,1,,,1,1,1,1,1
1489,1,1,3,0,6,15,7,1,1,,,3,1,1,1,1
2234,1,1,3,0,10,1,0,1,1,,,3,2,1,0,1
2979,1,1,3,0,13,13,1,0,0,1,1,0,2,0,0,1
3724,1,1,3,0,16,25,2,0,0,1,1,0,3,0,0,1
4469,1,1,3,0,20,10,3,0,0,1,1,0,2,0,0,1
5214,1,1,3,0,23,22,4,0,0,1,1,0,2,0,0,1
5959,1,2,2,0,3,1,1,0,0,1,1,0,2,0,0,1
6704,1,2,3,0,2,13,6,0,0,1,1,0,2,0,0,1
7449,1,2,3,0,5,25,7,1,1,,,9,2,1,0,1
8194,1,2,3,0,9,11,0,1,1,,,9,1,1,1,1
8939,1,2,3,0,12,23,1,1,1,,,3,1,1,1,1
9684,1,2,3,0,16,8,2,0,0,1,1,0,3,0,0,1
10429,1,2,3,0,19,20,3,0,0,2,2,0,2,1,0,1
11174,1,2,3,0,23,5,4,0,0,1,1,0,2,0,0,1
11918,1,2,3,0,26,17,4,0,0,1,1,0,2,0,0,1
12663,1,2,3,1,3,2,5,1,1,,,4,2,1,1,1
13408,1,2,3,1,6,14,6,1,1,,,1,2,1,1,1
14153,1,2,3,1,9,26,7,1,1,,,9,2,1,1,1
14898,1,2,3,1,13,12,0,1,1,,,9,3,1,0,1
15643,1,2,3,1,16,24,1,0,0,2,2,0,3,0,0,1
16388,1,2,3,1,20,9,2,0,0,3,3,0,3,1,0,1
17133,1,2,3,1,23,21,3,0,0,2,2,0,3,0,0,1
17878,1,2,3,2,0,6,4,1,1,,,3,1,1,1,1
18623,1,2,3,2,3,18,5,1,1,,,6,1,1,1,1
19368,1,2,3,2,7,3,6,0,0,1,1,0,3,0,0,1
20113,1,2,3,2,10,15,7,1,1,,,9,2,1,0,1
20858,1,2,3,2,14,1,0,1,1,,,9,3,1,0,1
21603,1,2,3,2,17,13,1,0,0,1,1,0,3,0,0,1
22348,1,2,3,2,20,25,2,0,0,2,2,0,2,1,0,1
23093,1,2,3,2,24,10,3,1,1,,,6,1,1,1,1
23837,1,2,3,3,0,22,3,1,1,,,4,2,1,1,1
24582,1,2,3,3,4,7,4,1,1,,,1,2,1,1,1
25327,1,2,3,3,7,19,5,0,0,3,3,0,4,0,0,1
26072,1,2,3,3,11,4,6,0,0,4,4,0,4,0,0,1
26817,1,2,3,3,14,16,7,1,1,,,9,3,1,0,1
27562,1,2,3,3,18,2,0,1,1,,,9,2,1,1,1
28307,1,2,3,3,21,14,1,1,1,,,1,2,1,1,1
29052,1,2,3,3,24,26,2,1,1,,,4,2,1,1,1
29797,2,1,2,0,4,12,1,1,1,,,1,1,1,1,1
30542,2,2,1,13,0,0,0,1,1,,,1,2,1,1,1
31287,2,2,2,0,11,8,3,1,1,,,4,2,1,0,1
32032,2,2,2,1,7,3,0,1,1,,,4,3,1,0,1
32777,2,2,2,2,2,13,1,1,1,,,1,2,1,1,1
33522,2,2,2,2,14,7,2,0,0,2,2,0,3,0,0,1
34267,2,2,2,3,10,1,3,1,1,,,4,4,1,0,1
35012,2,2,2,4,5,12,0,1,1,,,4,2,1,0,1
35756,2,2,2,5,1,6,0,1,1,,,4,3,1,0,1
36501,2,2,2,5,13,0,1,0,0,2,2,0,3,0,0,1
37246,2,2,2,6,8,10,2,1,1,,,1,2,1,1,1
37991,2,2,2,7,4,4,3,1,1,,,4,2,1,1,1
38736,2,2,2,7,15,15,0,1,1,,,4,3,1,0,1
39481,2,2,2,8,11,9,1,0,0,1,1,0,2,0,0,1
40226,2,2,2,9,7,3,2,0,0,1,1,0,4,0,0,1
40971,2,2,2,10,2,13,3,1,1,,,4,3,1,0,1
41716,2,2,2,10,14,8,0,1,1,,,4,3,1,0,1
42461,2,2,2,11,10,2,1,0,0,2,2,0,3,0,0,1
43206,2,2,2,12,5,12,2,0,0,1,1,0,2,0,0,1
43951,2,2,2,13,1,6,3,1,1,,,4,3,1,0,1
44696,2,2,2,13,13,1,0,1,1,,,4,2,1,1,1
45441,2,2,2,14,8,11,1,1,1,,,1,2,1,1,1
46186,2,2,2,15,4,5,2,1,1,,,1,2,1,1,1
46931,2,2,2,15,15,15,3,1,1,,,4,2,1,1,1
