declaration,atom,old_cost,new_cost,baseline_mask,baseline_optimal_cost,perturbed_mask,perturbed_optimal_cost,mask_changed,numeric_optimum_changed,certificate_valid
class-coverage,seen-class-bitset,3,2,1,3,1,2,False,True,True
class-coverage,seen-class-bitset,3,4,1,3,14,3,True,False,True
class-coverage,seen-cat,1,2,1,3,1,3,False,False,True
class-coverage,seen-dog,1,2,1,3,1,3,False,False,True
class-coverage,seen-bird,1,2,1,3,1,3,False,False,True
field-deletion,debug-or-high-count-2,2,1,1,2,1,1,False,True,True
field-deletion,debug-or-high-count-2,2,3,1,2,1,3,False,True,True
field-deletion,debug-count-2,2,1,1,2,1,2,False,False,True
field-deletion,debug-count-2,2,3,1,2,1,2,False,False,True
field-deletion,high-count-2,2,1,1,2,1,2,False,False,True
field-deletion,high-count-2,2,3,1,2,1,2,False,False,True
field-deletion,ever-debug,1,2,1,2,1,2,False,False,True
joint-marginals,a-count-2,2,1,8,2,8,2,False,False,True
joint-marginals,a-count-2,2,3,8,2,8,2,False,False,True
joint-marginals,b-count-2,2,1,8,2,8,2,False,False,True
joint-marginals,b-count-2,2,3,8,2,8,2,False,False,True
joint-marginals,length-2,2,1,8,2,8,2,False,False,True
joint-marginals,length-2,2,3,8,2,8,2,False,False,True
joint-marginals,disagreement-count-2,2,1,8,2,8,1,False,True,True
joint-marginals,disagreement-count-2,2,3,8,2,8,3,False,True,True
label-disagreement,disagreement-count-2,2,1,5,5,5,4,False,True,True
label-disagreement,disagreement-count-2,2,3,5,5,5,6,False,True,True
label-disagreement,ever-disagreement,1,2,5,5,5,5,False,False,True
label-disagreement,last-joint-label,3,2,5,5,5,4,False,True,True
label-disagreement,last-joint-label,3,4,5,5,5,6,False,True,True
label-disagreement,a-positive-count-2,2,1,5,5,5,5,False,False,True
label-disagreement,a-positive-count-2,2,3,5,5,5,5,False,False,True
label-disagreement,b-positive-count-2,2,1,5,5,5,5,False,False,True
label-disagreement,b-positive-count-2,2,3,5,5,5,5,False,False,True
label-field-rename,positive-count-2,2,1,3,4,3,3,False,True,True
label-field-rename,positive-count-2,2,3,3,4,3,5,False,True,True
label-field-rename,last-old-label,2,1,3,4,3,3,False,True,True
label-field-rename,last-old-label,2,3,3,4,3,5,False,True,True
label-field-rename,label-histogram-2,4,3,3,4,3,4,False,False,True
label-field-rename,label-histogram-2,4,5,3,4,3,4,False,False,True
missingness-streak,ever-missing,1,2,3,3,3,4,False,True,True
missingness-streak,missing-run-2,2,1,3,3,3,2,False,True,True
missingness-streak,missing-run-2,2,3,3,3,3,4,False,True,True
missingness-streak,missing-count-2,2,1,3,3,3,3,False,False,True
missingness-streak,missing-count-2,2,3,3,3,3,3,False,False,True
missingness-streak,last-two-missing,3,2,3,3,3,3,False,False,True
missingness-streak,last-two-missing,3,4,3,3,3,3,False,False,True
rolling-pattern,last-three-alarms,4,3,1,4,1,3,False,True,True
rolling-pattern,last-three-alarms,4,5,1,4,1,5,False,True,True
rolling-pattern,last-two-alarms,3,2,1,4,1,4,False,False,True
rolling-pattern,last-two-alarms,3,4,1,4,1,4,False,False,True
rolling-pattern,alarm-run-2,2,1,1,4,1,4,False,False,True
rolling-pattern,alarm-run-2,2,3,1,4,1,4,False,False,True
rolling-pattern,ever-alarm,1,2,1,4,1,4,False,False,True
schema-rename-status,bad-count-2,2,1,3,4,3,3,False,True,True
schema-rename-status,bad-count-2,2,3,3,4,3,5,False,True,True
schema-rename-status,last-status,2,1,3,4,3,3,False,True,True
schema-rename-status,last-status,2,3,3,4,3,5,False,True,True
schema-rename-status,status-histogram-2,4,3,3,4,3,4,False,False,True
schema-rename-status,status-histogram-2,4,5,3,4,3,4,False,False,True
schema-rename-status,ever-bad,1,2,3,4,3,4,False,False,True
slice-regression,seen-error-region-pairs,4,3,14,4,14,4,False,False,True
slice-regression,seen-error-region-pairs,4,5,14,4,14,4,False,False,True
slice-regression,seen-error-A,1,2,14,4,14,5,False,True,True
slice-regression,seen-error-B,1,2,14,4,14,5,False,True,True
slice-regression,global-error-count-2,2,1,14,4,14,3,False,True,True
slice-regression,global-error-count-2,2,3,14,4,14,5,False,True,True
threshold-family,ever-error,1,2,4,2,4,2,False,False,True
threshold-family,error-count-2,2,1,4,2,4,2,False,False,True
threshold-family,error-count-2,2,3,4,2,4,2,False,False,True
threshold-family,error-count-3,2,1,4,2,4,1,False,True,True
threshold-family,error-count-3,2,3,4,2,4,3,False,True,True
threshold-family,last-error,2,1,4,2,4,2,False,False,True
threshold-family,last-error,2,3,4,2,4,2,False,False,True
weighted-greedy-trap,seen-x-or-y,4,3,22,10,22,10,False,False,True
weighted-greedy-trap,seen-x-or-y,4,5,22,10,22,10,False,False,True
weighted-greedy-trap,seen-y,5,4,22,10,22,9,False,True,True
weighted-greedy-trap,seen-y,5,6,22,10,22,11,False,True,True
weighted-greedy-trap,seen-z,3,2,22,10,22,9,False,True,True
weighted-greedy-trap,seen-z,3,4,22,10,22,11,False,True,True
weighted-greedy-trap,seen-y-or-z,2,1,22,10,22,10,False,False,True
weighted-greedy-trap,seen-y-or-z,2,3,22,10,22,10,False,False,True
weighted-greedy-trap,seen-x,2,1,22,10,22,9,False,True,True
weighted-greedy-trap,seen-x,2,3,22,10,22,11,False,True,True
